screen_name,followers,following,tweets_count,verified,created_at
FmrRepMTG,5429447,906,9883,True,Wed Dec 30 18:57:01 +0000 2020
RepAOC,752611,603,2118,False,Sat Dec 29 19:59:11 +0000 2018
Jim_Jordan,6816710,3635,16754,True,Tue Dec 16 17:20:24 +0000 2008
RepEliCrane,162497,337,8732,True,Fri Dec 30 18:30:38 +0000 2022
SpeakerPelosi,8071415,492,15541,True,Thu Aug 07 15:35:02 +0000 2008
RepSpartz,93960,430,2443,True,Fri Jan 01 03:19:03 +0000 2021
MichaelCBurgess,35010,3087,11786,True,Wed Aug 06 15:25:19 +0000 2008
RepMaryMiller,207282,1304,5484,True,Mon Dec 28 20:35:13 +0000 2020
RepRonnyJackson,40327,171,2286,True,Thu Dec 24 00:29:18 +0000 2020
RepMaxwellFrost,67323,314,2187,True,Thu Dec 29 16:04:42 +0000 2022
Ilhan,1244589,525,6731,True,Mon Jan 07 17:53:13 +0000 2019
RepJamesComer,280011,289,6203,True,Sun Jun 21 23:52:56 +0000 2020
RepBoebert,1499780,574,3226,True,Sun Dec 27 00:24:52 +0000 2020
RepJasmine,281341,839,4260,True,Mon Jan 02 18:07:13 +0000 2023
RepColinAllred,53638,396,6228,False,Thu Dec 27 18:21:10 +0000 2018
RepHageman,96156,205,1328,True,Fri Oct 07 18:42:50 +0000 2022
RepAndyBiggsAZ,1092568,1925,28280,True,Wed Jan 04 14:28:51 +0000 2017
RepLuttrell,41332,477,2452,True,Wed Dec 14 14:04:51 +0000 2022
RepMikeCollins,133775,477,8332,True,Fri Dec 09 01:47:56 +0000 2022
RepDonaldsPress,537872,490,8172,True,Tue Dec 29 17:14:49 +0000 2020
RepJeffries,1042003,1104,6696,True,Wed Jan 18 21:54:44 +0000 2012
RepRyanZinke,16263,1116,2580,True,Wed Dec 31 17:32:01 +0000 2014
RepRaskin,940372,5722,13651,True,Thu Dec 08 17:00:41 +0000 2016
RepRudyYakym,11073,600,3027,True,Wed Dec 21 20:45:07 +0000 2022
RepMonicaDLC,8669,604,2368,True,Wed Nov 09 17:29:41 +0000 2022
RepEllzey,5557,163,812,True,Mon Mar 01 23:01:32 +0000 2021
RepMillsPress,60369,431,2167,True,Thu Jan 05 23:13:50 +0000 2023
RepBrianMast,148643,561,10652,True,Wed Dec 28 13:41:21 +0000 2016
Rep_Peltola,9268,191,1055,False,Wed Sep 14 16:02:54 +0000 2022
RepWesleyBellMO,2504,619,761,True,Fri Jan 03 15:52:06 +0000 2025
RepJeffJackson,3814,218,81,True,Fri Jan 06 18:04:55 +0000 2023
GReschenthaler,38271,1014,6682,True,Mon Nov 16 22:15:01 +0000 2015
RepRashida,556557,440,4773,True,Mon Dec 31 16:01:33 +0000 2018
RepRaulGrijalva,38586,710,10406,True,Fri Apr 03 16:55:32 +0000 2009
RepDanCrenshaw,652904,162,3952,True,Thu Jan 03 18:33:28 +0000 2019
RepVanOrden,9521,265,1429,True,Fri Dec 02 20:36:11 +0000 2022
Congressman_JVD,31725,320,1297,True,Wed Dec 08 20:21:30 +0000 2021
RepChipRoy,303751,396,16571,True,Wed Jan 09 00:06:11 +0000 2019
RepBowman,74838,247,4731,False,Wed Dec 30 21:07:08 +0000 2020
RepJasonCrow,176024,908,7398,True,Tue Jan 01 19:59:44 +0000 2019
RepPressley,499096,1014,10889,True,Wed Jan 02 21:58:51 +0000 2019
SpeakerJohnson,1197060,719,9926,True,Thu Feb 02 22:17:20 +0000 2017
RepScottPerry,156474,3104,6568,True,Thu Jan 08 18:29:58 +0000 2009
RepJayapal,565562,2392,36357,True,Mon Jan 02 01:35:46 +0000 2017
RepLuttrell,41332,477,2452,True,Wed Dec 14 14:04:51 +0000 2022
RepWPH,62119,177,3492,True,Tue Dec 13 19:47:11 +0000 2022
RepJames,32112,432,1641,True,Sat Dec 31 05:20:43 +0000 2022
RepYoungKim,58212,960,8375,True,Thu Dec 31 16:11:29 +0000 2020
RepTimBurchett,207927,1187,3723,True,Mon Aug 13 04:04:35 +0000 2018
RepMcClellan,7717,662,4479,True,Wed Mar 08 23:28:10 +0000 2023
RepBarbaraLee,282407,15154,16028,False,Mon Feb 07 16:28:28 +0000 2011
RepRobertGarcia,75388,839,3859,True,Tue Dec 13 22:27:41 +0000 2022
RepLisaMcClain,72269,562,6109,True,Tue Dec 29 21:28:39 +0000 2020
RepSpanberger,85204,1285,9530,True,Fri Dec 28 21:55:19 +0000 2018
RepSummerLee,67605,2158,3776,True,Wed May 23 13:45:53 +0000 2018
RepBobGood,103765,334,5535,True,Sun Jan 03 01:06:17 +0000 2021
RepTenney,71269,672,10830,True,Fri Nov 11 22:15:16 +0000 2016
RepBurgessOwens,42396,453,4684,True,Thu Dec 31 03:11:25 +0000 2020
RepWexton,33783,1283,5604,False,Fri Jul 13 17:15:12 +0000 2018
RepThomasMassie,1742242,25256,24473,True,Wed Nov 28 02:33:14 +0000 2012
RepJeffDuncan,67938,13124,14991,False,Wed Jan 19 20:45:16 +0000 2011
RepAnnWagner,32649,2263,6163,True,Tue Jan 01 00:01:45 +0000 2013
RepJohnRose,35381,491,3445,True,Fri Jan 04 22:11:59 +0000 2019
RepMarkPocan,113374,5970,15419,True,Thu Feb 21 22:59:04 +0000 2013
RepJenKiggans,12676,369,2799,True,Tue Dec 20 18:56:55 +0000 2022
RepKiley,36520,200,1130,True,Tue Jan 03 19:28:02 +0000 2023
RepAlexMooney,24596,774,4717,False,Tue Jan 06 17:13:10 +0000 2015
RepHarshbarger,27059,1289,4165,True,Sun Jan 03 17:41:59 +0000 2021
RepStefanik,644814,810,15254,True,Mon Jan 05 22:17:51 +0000 2015
RepDavids,61867,414,5695,True,Wed Jan 02 17:28:11 +0000 2019
RepGosar,386564,4110,16959,True,Thu Jan 20 17:44:27 +0000 2011
RepKatCammack,124531,747,7016,True,Wed Dec 30 16:53:31 +0000 2020
RepJahanaHayes,41578,276,8177,True,Mon Jan 07 01:26:40 +0000 2019
YadiraCaraveo,11076,1042,1379,False,Wed Jan 13 01:25:16 +0000 2016
ValerieFoushee,5704,513,1924,True,Fri Jan 06 21:14:12 +0000 2023
RepAshleyHinson,59218,716,6840,True,Sun Dec 20 22:17:12 +0000 2020
RepMcClintock,32566,353,1687,True,Wed Jun 24 00:21:07 +0000 2009
RepUnderwood,122871,4746,4562,True,Wed Jan 02 19:00:52 +0000 2019
repdarrellissa,238875,203,2989,True,Fri Aug 07 05:39:34 +0000 2009
RepGregSteube,129682,649,5680,True,Wed Jan 09 22:17:33 +0000 2019
RepBeccaB,32045,400,2464,True,Fri Dec 23 02:31:32 +0000 2022
Rep_Stansbury,110428,350,6936,True,Mon Jun 14 19:25:16 +0000 2021
RepMcGovern,162001,976,20078,True,Mon Jan 24 19:18:36 +0000 2011
RepRobertGarcia,75388,839,3859,True,Tue Dec 13 22:27:41 +0000 2022
RepClayHiggins,231539,419,3115,True,Mon Mar 20 01:35:02 +0000 2017
RepSusanWild,18623,1096,5579,True,Mon Dec 03 16:57:05 +0000 2018
RepEricBurlison,59197,786,5163,True,Fri Dec 23 17:35:46 +0000 2022
RepCraigGoldman,2228,72,230,True,Fri Jan 03 14:49:31 +0000 2025
RepLucyMcBath,49932,523,2788,True,Mon Jan 07 20:56:25 +0000 2019
RepJoshHarder,20564,607,5019,True,Thu Jan 03 15:39:30 +0000 2019
RepMoulton,19492,2832,8607,True,Fri Mar 13 14:26:54 +0000 2015
RepGolden,25398,713,2383,True,Thu Jan 03 18:20:30 +0000 2019
RepTiffany,43581,980,3703,True,Tue Jun 02 15:30:54 +0000 2020
RepGrothman,18604,262,6511,True,Tue Jan 13 15:08:48 +0000 2015
GerryConnolly,81345,845,13016,True,Tue Sep 29 23:17:33 +0000 2009
RepFischbach,12299,599,2933,True,Wed Dec 30 20:11:55 +0000 2020
RepGabeVasquez,8986,284,1699,True,Tue Jan 03 02:12:21 +0000 2023
RepFeenstra,20765,643,9347,True,Fri Jan 01 22:31:08 +0000 2021
RepEmiliaSykes,5857,459,2744,True,Sat Jan 07 00:59:31 +0000 2023
reptomsuozzi,30031,221,4610,True,Wed Jan 04 17:58:38 +0000 2017
RepMenendez,8582,384,2911,True,Thu Dec 15 19:13:25 +0000 2022
RepWilliams,6438,303,1464,True,Tue Dec 13 20:08:34 +0000 2022
RepSwalwell,1509728,11505,22567,True,Sun Nov 11 20:26:01 +0000 2012
RepNancyMace,757418,1738,16685,True,Mon Dec 28 16:41:08 +0000 2020
RepMoskowitz,66024,1351,1822,True,Mon Jan 02 20:24:11 +0000 2023
RepJoeCourtney,27624,2190,10974,True,Mon Oct 26 19:45:09 +0000 2009
debbielesko,130234,1300,11619,False,Mon May 14 18:28:32 +0000 2018
repsalinas,4436,326,3594,True,Sat Jan 07 19:03:16 +0000 2023
ChelliePingree,33018,1610,9238,True,Mon Jun 02 20:29:56 +0000 2008
FmrRepRosendale,77055,353,4251,True,Thu Dec 31 21:05:04 +0000 2020
RepLowenthal,33149,2964,8525,False,Wed Jan 02 18:11:33 +0000 2013
RepMcCaul,66388,606,9753,True,Wed Mar 25 03:54:11 +0000 2009
JoaquinCastrotx,254379,3350,30732,True,Tue Dec 28 18:41:02 +0000 2010
repogles,118220,663,4877,True,Wed Dec 14 19:33:17 +0000 2022
RepAngieCraig,38217,1016,7363,True,Tue Jan 01 22:00:55 +0000 2019
RepJimBaird,14143,627,2707,True,Fri Jan 18 17:36:49 +0000 2019
RepLCD,6482,366,1158,False,Fri Oct 21 18:46:53 +0000 2022
RepMarcyKaptur,33302,1668,8825,True,Tue May 15 16:57:51 +0000 2012
RepAndyHarrisMD,41481,863,6442,True,Tue Nov 20 18:31:27 +0000 2012
RepNicole,48328,536,6022,True,Thu Dec 31 21:02:13 +0000 2020
RepJackBergman,32369,707,1651,True,Sat Dec 31 17:02:01 +0000 2016
ZachNunn,9104,254,4019,True,Tue Jan 03 17:15:12 +0000 2023
RepZoeLofgren,89567,529,4058,True,Thu Mar 17 21:06:21 +0000 2011
RepPeteStauber,20986,668,4316,True,Thu Dec 20 19:09:37 +0000 2018
repdeliaramirez,29602,1029,5549,True,Sun Dec 16 17:24:15 +0000 2018
RepMichaelCloud,50554,1595,2757,True,Wed Sep 12 14:13:25 +0000 2018
RepDanGoldman,100561,427,3388,True,Mon Jan 02 21:07:14 +0000 2023
RepDonDavis,5958,421,4215,True,Tue Jan 03 17:14:34 +0000 2023
RepScholten,6720,232,4463,True,Mon Jan 02 15:56:12 +0000 2023
JanSchakowsky,51361,1574,17064,True,Fri Mar 13 16:03:17 +0000 2009
RepMarkTakano,53296,734,8519,True,Wed Dec 26 14:58:17 +0000 2012
RepGregMurphy,31653,486,6027,True,Tue Sep 17 15:13:06 +0000 2019
RepMarkGreen,121180,1187,13693,True,Wed Jan 02 14:53:54 +0000 2019
RepMikeLevin,32799,905,7977,True,Mon Dec 10 14:21:12 +0000 2018
RepEricSorensen,6834,419,1898,True,Fri Jan 06 19:17:35 +0000 2023
RepRussFulcher,20714,917,3386,True,Fri Dec 28 19:58:05 +0000 2018
RepPatRyanNY,13090,463,3289,True,Mon Sep 12 19:02:51 +0000 2022
RepJillTokuda,4623,578,1362,True,Wed Jan 04 20:12:46 +0000 2023
KenCalvert,28320,463,9744,True,Mon Mar 02 22:30:20 +0000 2009
RepRaulRuizMD,29815,458,6851,True,Mon Jan 14 18:58:43 +0000 2013
RepWalberg,25201,1700,8181,True,Thu Jan 13 20:26:26 +0000 2011
RepMcGarvey,12682,171,2493,True,Tue Jan 03 15:41:44 +0000 2023
RepDeborahRoss,13591,1016,5304,True,Mon Jan 11 17:28:59 +0000 2021
RepDonBeyer,124207,4880,45322,True,Mon Jan 05 22:09:04 +0000 2015
RepJoeWilson,206289,1165,6051,True,Fri Feb 18 15:18:45 +0000 2011
RepMikeLawler,37288,720,6218,True,Wed Nov 09 15:55:02 +0000 2022
RepRoKhanna,173649,2659,15659,True,Tue Jan 03 15:03:23 +0000 2017
RepBonamici,34959,1282,14905,True,Fri Apr 20 16:30:32 +0000 2012
RepChrisPappas,17739,639,5769,True,Wed Nov 28 11:54:50 +0000 2018
RepMMM,28862,495,6718,True,Sun Jan 03 19:03:30 +0000 2021
RepTonyGonzales,28277,779,5708,True,Mon Dec 28 18:39:06 +0000 2020
RepAndyBarr,38999,1531,8181,True,Mon Jan 14 15:29:49 +0000 2013
RepHankJohnson,53712,1748,10460,True,Mon Mar 16 18:52:49 +0000 2009
RepHoulahan,40536,484,7150,True,Thu Oct 18 12:18:11 +0000 2018
RepHuffman,46984,1249,7001,True,Tue Jan 08 14:52:00 +0000 2013
GOPMajorityWhip,133711,1267,13494,True,Wed Dec 10 21:44:52 +0000 2014
RepDanBishop,138771,766,7348,True,Tue Sep 24 15:43:47 +0000 2019
RepJerryNadler,410420,2091,12156,True,Fri May 15 18:37:39 +0000 2009
RepBentz,9928,602,1391,True,Sun Jan 03 17:47:44 +0000 2021
ZachNunn,9104,254,4019,True,Tue Jan 03 17:15:12 +0000 2023
RepMariaSalazar,202376,521,5932,True,Mon Nov 09 22:29:20 +0000 2020
RepBenCline,53028,1072,5011,True,Mon Dec 10 15:57:26 +0000 2018
SteveScalise,705124,1206,15998,True,Fri Feb 22 18:10:47 +0000 2013
RepBera,47341,2429,8091,True,Fri Nov 16 01:39:54 +0000 2012
RepDeanPhillips,67161,2017,3783,True,Sat Nov 10 17:30:23 +0000 2018
RepDesposito,10212,709,3351,True,Wed Dec 28 21:36:58 +0000 2022
RepDeSaulnier,22663,1043,11126,True,Thu Jan 08 15:32:13 +0000 2015
RepBrownley,21230,1111,10422,True,Tue Mar 05 14:51:28 +0000 2013
RepBice,30703,1052,3612,True,Wed Dec 30 12:33:17 +0000 2020
RepGabeAmo,5501,430,2856,True,Wed Nov 15 18:01:10 +0000 2023
RepHaleyStevens,44072,608,8282,True,Fri Dec 21 17:04:56 +0000 2018
RepRickLarsen,22537,6069,18430,True,Thu Nov 03 13:59:42 +0000 2011
RepSchneider,22718,1281,8836,True,Tue Jan 08 19:59:14 +0000 2013
RepBryanSteil,34174,569,6508,True,Wed Dec 19 01:46:28 +0000 2018
RepNikkiB,6184,1331,3568,True,Thu Dec 15 19:47:36 +0000 2022
RepDanKildee,45039,1241,10290,True,Sat Dec 29 15:05:47 +0000 2012
RepAdams,31282,2611,14594,False,Thu Dec 11 19:54:07 +0000 2014
RepDebDingell,93156,2557,10324,True,Fri Jan 09 19:15:50 +0000 2015
RepMrvan,6416,458,1193,True,Mon Jan 04 21:21:40 +0000 2021
RepPfluger,28928,1231,7339,True,Mon Dec 21 20:40:01 +0000 2020
RepDeluzio,18435,736,3013,True,Fri Dec 30 21:15:48 +0000 2022
RepPaulTonko,27850,1955,15800,True,Wed Oct 21 17:24:57 +0000 2009
repvalhoyle,7341,343,1516,True,Tue Jan 10 17:33:54 +0000 2023
repgreglandsman,21614,425,3732,True,Thu Jan 12 20:41:10 +0000 2023
RepKimSchrier,18739,175,4593,True,Wed Jan 02 13:55:16 +0000 2019
RepFinstad,7378,220,1699,True,Sat Aug 27 00:04:50 +0000 2022
RepJoeNeguse,205185,1249,6986,True,Fri Dec 28 20:29:29 +0000 2018
RepDerekKilmer,28400,465,9488,True,Thu Jan 03 22:15:02 +0000 2013
DrNealDunnFL2,18916,401,4319,True,Mon Jan 02 16:06:07 +0000 2017
RepMGS,57809,1420,12090,True,Tue Nov 27 22:10:34 +0000 2018
RepLangworthy,10677,1021,3221,True,Fri Jan 06 16:15:42 +0000 2023
RepCasar,84244,768,2940,True,Thu Mar 03 22:29:49 +0000 2022
RepBradWenstrup,39325,1113,8031,False,Thu Mar 08 16:25:14 +0000 2012
reppettersen,28163,444,2598,True,Mon Jan 02 20:46:25 +0000 2023
RepDelBene,34123,1770,12325,True,Fri Dec 07 14:40:48 +0000 2012
RepJasonSmith,77578,996,8956,True,Fri Jul 26 16:13:03 +0000 2013
USRepKeating,26953,598,2781,True,Sat Jan 01 23:58:47 +0000 2011
RepJamesClyburn,167903,1714,8631,True,Tue Sep 07 18:50:22 +0000 2010
RepSaraJacobs,57758,98,5367,True,Fri Jan 01 20:26:39 +0000 2021
RepCasten,39439,3342,10715,True,Thu Jan 10 21:14:57 +0000 2019
RepBillFoster,50008,1169,9575,True,Fri Jan 11 18:17:11 +0000 2013
RepTroyNehls,238449,1681,4521,True,Thu Jan 07 23:04:54 +0000 2021
RepSusieLee,37540,2930,9560,True,Sat Dec 29 17:08:23 +0000 2018
RepDean,72368,1425,6777,True,Mon Apr 30 20:07:23 +0000 2012
RepRalphNorman,62919,558,5771,True,Thu Jun 29 17:38:35 +0000 2017
CathyMcMorris,51498,4634,14348,True,Mon Dec 08 23:17:15 +0000 2008
CongressmanRaja,159213,949,16378,True,Wed Dec 28 18:39:42 +0000 2016
RepFitzgerald,15078,913,3811,True,Tue Dec 11 21:01:37 +0000 2012
RepCiscomani,12259,573,3607,True,Thu Dec 15 23:22:53 +0000 2022
RepDinaTitus,51601,2003,21407,True,Thu Mar 11 21:05:31 +0000 2010
USRepKCastor,27650,5907,16847,True,Wed Sep 18 20:03:57 +0000 2013
RepCartwright,18363,1991,3805,True,Thu Aug 23 20:05:56 +0000 2012
RepAnnieKuster,23407,2094,9496,True,Thu Jan 03 20:29:22 +0000 2013
RepGregStanton,23027,1678,5825,True,Thu Jan 03 17:54:19 +0000 2019
RosaDeLauro,63877,3285,13274,True,Wed May 05 18:11:32 +0000 2010
RepShontelBrown,48240,508,4904,True,Thu Nov 04 22:01:33 +0000 2021
RepMcCormick,58820,750,2789,True,Wed Jan 04 17:28:23 +0000 2023
RepLaMonica,12860,262,1772,True,Fri Oct 11 05:17:47 +0000 2024
jahimes,99779,457,14451,True,Thu Apr 16 02:38:33 +0000 2009
RepDWStweets,25527,2487,11412,True,Fri Feb 01 20:31:25 +0000 2013
BettyMcCollum04,43210,1554,16293,True,Tue Mar 06 20:52:11 +0000 2012
RepLoisFrankel,31941,1726,14061,True,Thu Jan 10 16:58:38 +0000 2013
Rep_Clyde,49786,777,5553,True,Wed Feb 03 17:25:52 +0000 2021
RepCleaver,47929,1262,15702,True,Tue Jul 06 19:14:47 +0000 2010
RepRichHudson,32657,3264,13769,True,Thu Nov 08 17:41:00 +0000 2012
RepDannyDavis,19670,438,4726,True,Wed Aug 29 12:31:09 +0000 2012
StaceyPlaskett,218009,944,6253,True,Mon Aug 11 14:40:01 +0000 2014
RepThompson,43411,475,18707,True,Mon May 23 14:58:06 +0000 2011
RepBost,24911,1926,5134,True,Tue Jan 06 19:55:08 +0000 2015
TomColeOK04,42088,287,3728,True,Fri Mar 06 21:54:25 +0000 2009
RepBonnie,47645,1315,14253,True,Thu Jan 08 20:18:16 +0000 2015
RepAndreCarson,62367,1011,7708,True,Wed Oct 06 15:47:50 +0000 2010
reptimkennedy,13146,1860,6847,True,Mon Nov 29 23:21:06 +0000 2010
CongressmanKean,9457,618,2962,True,Mon Dec 26 17:07:11 +0000 2022
repbrecheen,19901,500,2884,True,Wed Dec 14 14:21:42 +0000 2022
RepLaHood,27227,1380,5443,True,Thu Sep 17 14:16:48 +0000 2015
RepPeteAguilar,45073,719,3672,True,Wed Feb 04 21:01:23 +0000 2015
RepJohnLarson,40879,926,11981,True,Wed Jun 24 21:47:31 +0000 2009
RepChuyGarcia,43501,2823,11506,True,Tue Jan 08 00:04:27 +0000 2019
NydiaVelazquez,80488,5744,13625,True,Thu Jul 08 18:18:20 +0000 2010
RepAdamSmith,45503,2029,12733,True,Tue Jul 21 21:31:55 +0000 2009
RepRobinKelly,39014,9459,10124,True,Tue Apr 09 19:02:01 +0000 2013
RepStricklandWA,9111,969,4130,True,Mon Dec 28 19:54:50 +0000 2020
RepBuddyCarter,47612,497,7176,True,Mon Jan 12 00:33:43 +0000 2015
RepDianaDeGette,63471,8981,8171,True,Fri Apr 03 16:41:06 +0000 2009
BobbyScott,42588,3147,11131,True,Thu Jul 01 19:57:00 +0000 2010
RepRitchie,51000,1148,4385,True,Fri Jun 26 06:36:14 +0000 2020
RepLangworthy,10677,1021,3221,True,Fri Jan 06 16:15:42 +0000 2023
RepWebster,32163,349,5594,True,Wed Apr 13 13:47:05 +0000 2011
RepRussellFry,20989,923,2331,True,Thu Dec 15 22:17:07 +0000 2022
repkeithself,64995,816,4385,True,Mon Jan 09 12:47:15 +0000 2023
RepJimmyPanetta,23726,666,12737,True,Thu Nov 10 15:29:45 +0000 2016
RepMikeRulli,6,3,2,False,Tue Jun 18 11:16:45 +0000 2024
RepLaMalfa,31205,1062,3557,True,Mon Jan 07 20:07:58 +0000 2013
RepAlGreen,120449,700,4384,True,Wed Jun 16 17:20:23 +0000 2010
RepHorsford,29248,1993,10899,True,Thu Oct 13 02:23:25 +0000 2011
RepBlaine,20682,486,3800,False,Mon Sep 09 19:53:08 +0000 2013
WhipKClark,151016,1984,13520,True,Wed Jan 15 18:53:47 +0000 2014
RepNikema,23882,944,6386,True,Sat Jan 02 20:08:08 +0000 2021
RepJudyChu,78042,40852,11239,True,Wed Sep 22 15:18:17 +0000 2010
RepJoeMorelle,16533,892,9321,True,Mon Nov 19 19:07:18 +0000 2018
RepKevinMullin,6721,450,1391,True,Tue Jan 03 23:06:16 +0000 2023
RepGonzalez,14517,575,5560,True,Mon Jan 09 19:13:21 +0000 2017
RepMikeCarey,6539,472,2542,True,Mon Nov 08 16:21:58 +0000 2021
RepYvetteClarke,76428,3802,17512,True,Thu Jan 20 20:14:21 +0000 2011
RepFranklin,13962,507,2895,True,Mon Dec 28 21:06:58 +0000 2020
RepTedLieu,182404,5511,11778,True,Thu Feb 19 20:08:54 +0000 2015
RepDavid,39687,838,7159,True,Tue Dec 21 19:48:02 +0000 2010
RepGwenMoore,44807,3150,14224,True,Tue Mar 03 20:02:57 +0000 2009
RepRickAllen,29849,454,4708,True,Tue Jan 06 14:45:18 +0000 2015
RepCarbajal,18995,1051,8990,True,Tue Jan 03 05:42:06 +0000 2017
RepChuckEdwards,7119,324,2427,True,Tue Dec 13 19:36:07 +0000 2022
RepMGriffith,37575,682,3846,True,Tue Jan 04 19:05:24 +0000 2011
Rep_SteveWomack,34837,1997,13353,True,Wed Jan 05 18:53:03 +0000 2011
RepMarkAlford,17275,443,5279,True,Mon Jan 09 16:17:35 +0000 2023
SanfordBishop,25688,794,3416,True,Wed Feb 09 00:23:10 +0000 2011
Rep_Magaziner,17082,560,3486,False,Tue Jan 17 21:05:16 +0000 2023
RepDavidValadao,24854,516,3367,True,Mon Jan 28 16:19:14 +0000 2013
RepDonBacon,92988,464,36931,True,Wed Jan 11 00:17:40 +0000 2017
RepNateMoran,12276,795,1835,True,Thu Dec 15 19:22:32 +0000 2022
CongressmanGT,29308,2864,9011,True,Wed Jan 14 04:54:58 +0000 2009
RepDwightEvans,21320,3409,40867,True,Tue Nov 17 14:25:20 +0000 2009
RepFletcher,31443,193,5967,True,Fri Dec 21 00:02:47 +0000 2018
RepLaLota,10619,300,3363,True,Fri Nov 04 17:17:19 +0000 2022
RepGaramendi,34695,6551,18518,True,Tue Nov 10 00:31:12 +0000 2009
RepEzell,5985,470,1194,True,Tue Dec 13 22:10:44 +0000 2022
DorisMatsui,41698,8413,6429,True,Wed May 06 19:20:50 +0000 2009
RepNewhouse,26834,1047,6440,True,Thu Dec 18 20:19:23 +0000 2014
RepGusBilirakis,40637,1101,10370,True,Mon Mar 23 17:56:32 +0000 2009
RepMoolenaar,25569,336,1592,True,Thu Jul 31 21:09:14 +0000 2014
VirginiaFoxx,52670,761,8594,True,Fri Sep 12 13:30:07 +0000 2008
RepPatFallon,83717,771,6600,True,Sun Dec 27 18:11:28 +0000 2020
VernBuchanan,36360,7137,6413,True,Mon Feb 09 21:05:19 +0000 2009
RepMaloyUtah,3216,239,838,True,Mon Jan 15 16:21:41 +0000 2024
RobWittman,34856,1891,9484,True,Tue Jul 08 18:25:49 +0000 2008
BennieGThompson,106551,592,6084,True,Wed Oct 14 20:47:03 +0000 2009
RepEscobar,83388,1791,11873,True,Wed Dec 19 22:26:42 +0000 2018
RepLoudermilk,56635,1587,5023,True,Wed Dec 10 18:53:17 +0000 2014
repkevinhern,30458,600,5036,True,Wed Nov 28 16:32:33 +0000 2018
RepStenyHoyer,144658,6291,28077,True,Thu Feb 26 14:13:01 +0000 2009
RepBarryMoore,24676,790,4263,True,Wed Dec 16 00:35:16 +0000 2020
RepSamGraves,17361,1128,9487,True,Wed Apr 08 17:20:43 +0000 2009
RepBeatty,69570,2206,15576,True,Wed Jun 19 17:47:09 +0000 2013
RepJuliaLetlow,13324,429,3278,True,Wed Apr 14 18:12:03 +0000 2021
RepMoylan,2767,191,193,True,Wed Dec 14 15:34:19 +0000 2022
RepSmucker,15626,589,8096,True,Wed May 20 18:31:13 +0000 2009
RepEdCase,11185,222,3942,True,Sat Jan 05 00:44:02 +0000 2019
RepBalderson,10002,740,3973,True,Wed Sep 05 14:07:50 +0000 2018
Robert_Aderholt,40244,589,3756,True,Tue Sep 22 21:16:37 +0000 2009
RepLloydDoggett,49946,1360,20119,True,Wed Jun 09 23:53:50 +0000 2010
USRepMikeFlood,14296,728,3362,True,Wed Jul 13 01:11:52 +0000 2022
RepLaurelLee,13677,483,2345,True,Wed Dec 28 22:40:34 +0000 2022
WarrenDavidson,88536,5497,15134,True,Tue Jun 14 15:08:44 +0000 2016
RepEspaillat,39271,2466,25705,True,Thu Jan 05 18:32:15 +0000 2017
TXRandy14,35190,1120,6651,True,Thu Jan 03 15:30:06 +0000 2013
RepHouchin,8360,311,2696,True,Fri Dec 16 10:12:12 +0000 2022
MikeKellyPA,33550,1480,5340,True,Thu Nov 08 20:31:21 +0000 2012
RepVinceFong,2432,329,994,True,Wed Jun 05 18:14:58 +0000 2024
RepDarrenSoto,25405,6147,13401,True,Tue Jan 10 06:57:55 +0000 2017
JudgeCarter,22637,1065,9487,True,Wed Dec 10 21:00:58 +0000 2008
RepGraceMeng,48730,692,10121,True,Mon Dec 31 20:28:41 +0000 2012
RepDaveJoyce,28776,2594,7425,True,Wed Nov 28 21:12:14 +0000 2012
RepLindaSanchez,46284,2443,9884,True,Mon Jun 06 16:50:45 +0000 2011
RepScottPeters,30051,1424,15317,True,Wed Jan 30 23:28:14 +0000 2013
RepDLamborn,34104,1292,7931,True,Fri May 18 16:01:17 +0000 2012
RepMikeQuigley,51567,2166,21843,True,Wed Jul 15 00:10:43 +0000 2009
RepWesterman,17899,392,8805,True,Fri Oct 31 03:57:48 +0000 2014
AustinScottGA08,35191,743,4274,True,Thu Jan 06 16:01:46 +0000 2011
RepBarragan,30363,7454,11281,True,Thu Jan 05 02:29:18 +0000 2017
RepFrenchHill,38405,1478,7237,True,Wed Dec 31 23:54:58 +0000 2014
RepBrianBabin,42786,890,8471,True,Thu Dec 18 13:28:53 +0000 2014
RepDaleStrong,9793,531,1239,True,Sat Jan 28 03:58:07 +0000 2017
RepMaxineWaters,1441123,669,3772,True,Thu Apr 30 15:17:45 +0000 2009
RepGlennIvey,5930,1915,2415,True,Tue Jan 03 03:12:10 +0000 2023
RepDustyJohnson,33131,340,3728,True,Mon Dec 17 21:44:20 +0000 2018
RepBrianFitz,45798,391,8595,True,Tue Jan 03 15:20:39 +0000 2017
RepHuizenga,38107,5680,11005,True,Tue Jan 04 14:01:28 +0000 2011
RepKamlagerDove,17046,699,3079,True,Wed Jan 11 18:05:49 +0000 2023
DesJarlaisTN04,26160,1944,6675,True,Fri Jan 07 21:47:44 +0000 2011
BradSherman,149219,1334,7028,True,Fri Apr 10 13:38:03 +0000 2009
CongresswomanSC,7408,1244,3038,True,Thu Jan 20 19:53:08 +0000 2022
RepJimmyGomez,59987,3897,12736,True,Tue Mar 04 03:56:14 +0000 2014
RepGuthrie,26856,361,4270,True,Thu Sep 26 14:37:17 +0000 2013
RepFrankLucas,27237,512,3141,True,Tue Jan 25 15:24:07 +0000 2011
RepCarlos,159242,541,10973,True,Mon Dec 28 22:04:32 +0000 2020
RepRickCrawford,34151,1100,8316,True,Mon Jan 03 21:57:49 +0000 2011
RepJoshG,32785,253,16314,True,Sat Dec 31 21:35:47 +0000 2016
RepTroyCarter,9179,3452,6812,True,Fri Jan 22 23:29:39 +0000 2021
repblumenauer,61581,1236,5280,True,Sat Aug 23 06:38:46 +0000 2008
rep_jackson,8120,306,1714,True,Tue Jan 17 21:06:28 +0000 2023
RepDavidRouzer,21064,608,3055,True,Wed Sep 19 20:23:15 +0000 2012
RepMichaelGuest,17453,814,3688,True,Fri Jan 04 17:38:26 +0000 2019
RepMikeRogersAL,54620,2750,8523,True,Tue Apr 21 17:43:28 +0000 2009
RepVeasey,34191,3239,8379,True,Wed Jan 09 15:49:27 +0000 2013
RepRonEstes,13904,993,3938,True,Wed Apr 19 15:15:27 +0000 2017
RepCuellar,33188,3285,10093,True,Mon Nov 01 20:20:17 +0000 2010
RepMann,7437,253,1704,True,Sun Jan 03 20:11:11 +0000 2021
RepAuchincloss,39319,233,2626,True,Sat Nov 21 22:35:59 +0000 2020
Call_Me_Dutch,17407,2349,6825,True,Thu May 26 14:39:08 +0000 2011
DonaldNorcross,13976,1342,13608,True,Fri Mar 27 20:08:34 +0000 2015
RepRWilliams,24798,913,10485,True,Thu Jan 10 19:21:22 +0000 2013
RepWilson,68266,4160,20538,True,Tue Jan 04 17:08:09 +0000 2011
PeteSessions,39875,1238,9746,True,Mon Mar 16 17:54:52 +0000 2009
RepMikeTurner,56501,1371,6317,True,Fri Jun 26 21:15:07 +0000 2009
CongMikeSimpson,29883,469,4695,True,Mon Sep 21 20:26:26 +0000 2009
FrankPallone,59995,2920,26981,True,Thu Apr 16 13:51:56 +0000 2009
RepTimmons,44737,1079,3872,True,Mon Dec 31 16:06:47 +0000 2018
RepSylviaGarcia,63195,2851,12272,True,Wed Jan 02 22:10:54 +0000 2019
RepKweisiMfume,7154,692,1746,True,Thu Jun 25 17:44:54 +0000 2020
CongBoyle,24867,3434,7560,True,Fri Nov 20 20:17:53 +0000 2015
RepMeuser,32494,786,5087,True,Wed Jan 02 21:21:21 +0000 2019
Lancegooden,271424,196,6080,True,Mon Aug 13 19:56:08 +0000 2018
RepArrington,27246,1726,6578,True,Tue Jan 03 14:06:44 +0000 2017
RepShriThanedar,25325,289,2280,True,Wed Jan 04 19:31:18 +0000 2023
JayObernolte,11303,987,3113,True,Sat Mar 26 16:11:17 +0000 2011
RepAaronBean,8820,237,1807,True,Mon Dec 19 19:52:34 +0000 2022
RepCohen,83939,5946,18223,True,Fri Jul 02 15:10:21 +0000 2010
RepDavidKustoff,23685,1112,5788,True,Mon Jan 02 20:03:46 +0000 2017
RepCarolMiller,18966,320,3582,True,Fri Jan 04 22:37:26 +0000 2019
MarkAmodeiNV2,18965,1119,1863,True,Tue Nov 01 13:43:55 +0000 2011
RepStephenLynch,30253,705,6200,True,Fri Jun 03 14:48:36 +0000 2011
RepGarretGraves,21618,1105,6049,False,Tue Dec 30 17:51:24 +0000 2014
RepLouCorrea,23514,127,2499,True,Mon Jan 02 18:16:08 +0000 2017
RepAdrianSmith,21565,712,6221,True,Tue May 10 12:52:01 +0000 2011
RepRutherfordFL,21758,565,3199,True,Tue Feb 07 14:42:24 +0000 2017
RepDrewFerguson,15542,656,3363,True,Wed Dec 07 19:39:25 +0000 2016
NormaJTorres,81165,1281,16215,True,Mon Jan 10 06:30:14 +0000 2011
RepJimCosta,29787,1115,7985,True,Mon Jan 31 18:42:23 +0000 2011
RepHalRogers,24129,830,4267,True,Tue Apr 10 19:59:22 +0000 2012
RepCardenas,26983,2928,11567,True,Tue Feb 26 16:12:35 +0000 2013
RepJohnJoyce,20732,406,2889,True,Mon Jan 07 16:24:21 +0000 2019
RepChuck,30404,1145,7656,True,Fri Jan 07 15:46:29 +0000 2011
RepDinaTitus,51601,2003,21407,True,Thu Mar 11 21:05:31 +0000 2010
RepJuanVargas,27198,626,5187,True,Mon Mar 11 19:04:01 +0000 2013
RepGregoryMeeks,55847,1245,10223,True,Wed Mar 04 18:36:27 +0000 2009
MarioDB,110287,1691,15590,True,Sat May 02 00:52:48 +0000 2009
RepBlakeMoore,16259,458,2419,True,Fri Dec 11 17:42:41 +0000 2020
RepDavidScott,27601,1946,4073,True,Tue Jul 20 14:10:32 +0000 2010
RepGonzalez,14517,575,5560,True,Mon Jan 09 19:13:21 +0000 2017
repmaxmiller,11208,222,2509,True,Tue Jan 03 21:14:21 +0000 2023
RepRichardNeal,39417,109,5066,True,Wed Dec 21 14:18:30 +0000 2011
RepLarryBucshon,27692,2132,7707,True,Thu Jan 06 16:45:56 +0000 2011
PatrickMcHenry,63305,3150,6656,True,Mon Mar 30 16:42:39 +0000 2009
RepGregPence,13291,304,1916,True,Mon Jan 07 20:12:27 +0000 2019
RepLoriTrahan,39357,1896,11746,True,Mon Dec 31 18:12:28 +0000 2018
RepTrentKelly,17749,3952,2757,True,Wed Jun 10 19:56:03 +0000 2015
RepGarbarino,13782,360,2146,True,Wed Dec 30 18:28:49 +0000 2020
RepTerriSewell,53530,4058,11201,True,Tue Sep 27 20:47:50 +0000 2011
BobLatta,39556,3078,11737,True,Fri Jul 11 18:33:24 +0000 2008
EleanorNorton,64309,39201,10402,True,Tue Mar 10 14:47:46 +0000 2009
USRepGaryPalmer,30801,1074,5469,True,Tue Nov 04 22:58:38 +0000 2014
