Member of Congress,Party,State,Twitter Handle,Instagram,Facebook Address
Del. Eleanor Norton,D,DC-0,@EleanorNorton,@congresswomannorton,https://www.facebook.com/CongresswomanNorton
Kevin Mullin,D,CA-15,@kevinmullin,@kevin.mullin,https://www.facebook.com/kevinmullinforcongress/
Rep. Aaron Bean,R,FL-4,@RepAaronBean,@repaaronbean,https://www.facebook.com/people/Congressman-Aaron-Bea
Rep. Adam Schiff,D,CA-30,@RepAdamSchiff,@RepAdamSchiff,https://www.facebook.com/RepAdamSchiff
Rep. Adrian Smith,R,NE-3,@RepAdrianSmith,@repadriansmith,https://www.facebook.com/AdrianSmithNE?fref=ts
Rep. Adriano Espaillat,D,NY-13,@RepEspaillat,@repadrianoespaillat,http://www.facebook.com/RepEspaillat
"Rep. Alexandria Ocasio-
Cortez",D,NY-14,@RepAOC,@aoc,https://www.facebook.com/repAOC/
Rep. Alma Adams,D,NC-12,@RepAdams,@repadams,https://www.facebook.com/CongresswomanAdams
Rep. Ami Bera,D,CA-6,@RepBera,@repbera, https://www.facebook.com/RepAmiBera
Rep. Andre Carson,D,IN-7,@RepAndreCarson,@repandrecarson,https://www.facebook.com/CongressmanAndreCarson
Rep. Andrea Salinas,D,OR-6,@RepSalinas,@repsalinas,https://www.facebook.com/RepSalinas
Rep. Andrew Garbarino,R,NY-2,@RepGarbarino,@repandrewgarbarino,https://www.facebook.com/RepAndrewGarbarino/
Rep. Andrew S. Clyde,R,GA-9,@Rep_Clyde,@repclyde,https://www.facebook.com/HouseRepublicans
Rep. Andy Barr,R,KY-6,@RepAndyBarr,@repandybarr,https://www.facebook.com/RepAndyBarr
Rep. Andy Biggs,R,AZ-5,@RepAndyBiggsAZ,@repandybiggs,http://www.facebook.com/RepAndyBiggs
Rep. Andy Harris,R,MD-1,@RepAndyHarrisMD,@rep.harris,https://www.facebook.com/AndyHarrisMD
Rep. Andy Kim,D,NJ-3,@RepAndyKimNJ,@repandykimnj,https://www.facebook.com/RepAndyKimNJ/
Rep. Angela Craig,D,MN-2,@RepAngieCraig,@repangiecraig,https://www.facebook.com/RepAngieCraig
Rep. Ann Kuster,D,NH-2,@RepAnnieKuster,@repanniekuster,https://www.facebook.com/CongresswomanAnnieKuster
Rep. Ann Wagner,R,MO-2,@RepAnnWagner,@repannwagner,https://www.facebook.com/RepAnnWagner
Rep. Anna Eshoo,D,CA-16,@RepAnnaEshoo,@RepAnnaEshoo,https://www.facebook.com/RepAnnaEshoo
Rep. Anna Paulina Luna,R,FL-13,@RepLuna,@realannapaulina,https://www.facebook.com/VoteAPL/
Rep. Anthony D'Esposito,R,NY-4,@RepDesposito,@anthonydespo,https://www.facebook.com/anthonypdesposito/
Rep. Ashley Hinson,R,IA-2,@RepAshleyHinson,@repashleyhinson,https://www.facebook.com/RepAshleyHinson
Rep. Austin Scott,R,GA-8,@AustinScottGA08,,https://www.facebook.com/RepAustinScott
Rep. Ayanna Pressley,D,MA-7,@RepPressley,@ayannapressley,
Rep. Barbara Lee,D,CA-12,@RepBarbaraLee,@repbarbaralee,https://www.facebook.com/RepBarbaraLee
Rep. Barry Loudermilk,R,GA-11,@RepLoudermilk,@RepLoudermilk,https://www.facebook.com/RepLoudermilk
Rep. Barry Moore,R,AL-2,@RepBarryMoore,@repbarrymoore,https://www.facebook.com/RepBarryMoore/
Rep. Bennie Thompson,D,MS-2,@BennieGThompson,@benniegthompson,https://www.facebook.com/CongressmanBennieGThompson/
Rep. Betty McCollum,D,MN-4,@BettyMcCollum04,@repbettymccollum,https://www.facebook.com/repbettymccollum
Rep. Bill Foster,D,IL-11,@RepBillFoster,@repbillfoster,https://www.facebook.com/CongressmanBillFoster
Rep. Bill Huizenga,R,MI-4,@RepHuizenga,@RepHuizenga, https://www.facebook.com/rephuizenga
Rep. Bill Johnson,R,OH-6,@RepBillJohnson,@repbilljohnson,https://www.facebook.com/RepBillJohnson
Rep. Bill Pascrell,D,NJ-9,@BillPascrell,@billpascrell,https://www.facebook.com/pascrell
Rep. Bill Posey,R,FL-8,@CongBillPosey,@billposey,https://www.facebook.com/bill.posey15
Rep. Blaine Luetkemeyer,R,MO-3,@RepBlainePress,@repblaine,https://www.facebook.com/BlaineLuetkemeyer
Rep. Bonnie Watson Colema,D,NJ-12,@RepBonnie,@repbwcoleman,https://www.facebook.com/RepBonnieWatsonColeman
Rep. Brad Finstad,R,MN-1,@RepFinstad,@repfinstad,https://www.facebook.com/RepFinstad/
Rep. Brad Sherman,D,CA-32,@BradSherman,@congressmansherman,https://www.facebook.com/CongressmanBradSherman
Rep. Brad Wenstrup,R,OH-2,@RepBradWenstrup,@repbradwenstrup,https://www.facebook.com/RepBradWenstrup
Rep. Bradley Schneider,D,IL-10,@repschneider,@repschneider,http://www.facebook.com/CongressmanBradSchneider/
Rep. Brandon Williams,R,NY-22,@RepWilliams,@repbrandonwilliams,
Rep. Brendan Boyle,D,PA-2,@RepBrendanBoyle,@congressmanboyle,https://www.facebook.com/CongressmanBoyle
Rep. Brett Guthrie,R,KY-2,@RepGuthrie,@repguthrie,https://www.facebook.com/CongressmanGuthrie
Rep. Brian Fitzpatrick,R,PA-1,@RepFitzpatrick,@repbrianfitz,https://www.facebook.com/RepFitzpatrick
Rep. Brian Higgins,D,NY-26,@RepBrianHiggins,@repbrianhiggins,https://www.facebook.com/RepBrianHiggins
Rep. Brian Mast,R,FL-21,@repbrianmast,@repbrianmast,http://www.facebook.com/repbrianmast
Rep. Brittany Pettersen,D,CO-7,@pettersen4co,@brittanypettersen,https://www.facebook.com/brittanypettersenforcolorado/
Rep. Bruce Westerman,R,AR-4,@RepWesterman,@repwesterman,https://www.facebook.com/RepWesterman
Rep. Buddy Carter,R,GA-1,@RepBuddyCarter,@repbuddycarter,https://www.facebook.com/CongressmanBuddyCarter
Rep. Byron Donalds,R,FL-19,@RepDonaldsPress,@byrondonalds,https://www.facebook.com/RepDonaldsPress/
Rep. C.A. Ruppersberger,D,MD-2,@Call_Me_Dutch,@dutchruppersberger,https://www.facebook.com/DutchRupp
Rep. Carlos A. Gimenez,R,FL-28,@RepCarlos,@carlosgimenezfl26,https://www.facebook.com/RepCarlosGimenez/
Rep. Chellie Pingree,D,ME-1,@ChelliePingree,@chelliepingree,https://www.facebook.com/ChelliePingree
Rep. Christopher Pappas,D,NH-1,@RepChrisPappas,@repchrispappas,https://www.facebook.com/RepChrisPappas
Rep. Christopher Smith,R,NJ-4,@RepChrisSmith,@repchrissmith,https://www.facebook.com/RepChrisSmith
Rep. Chuck Edwards,R,NC-11,@RepEdwards,@repchuckedwards,https://www.facebook.com/RepChuckEdwards/
Rep. Claudia Tenney,R,NY-24,@RepTenney,@claudiatenney,https://www.facebook.com/RepClaudiaTenney/
Rep. Clay Higgins,R,LA-3,@RepClayHiggins,@housegop,http://www.facebook.com/HouseRepublicans
Rep. Cliff Bentz,R,OR-2,@RepBentz,@repbentz,https://www.facebook.com/RepBentz/
Rep. Cori Bush,D,MO-1,@RepCori,@coribush,https://www.facebook.com/RepCori/
Rep. Cory Mills,R,FL-7,not yet set up,,
Rep. Dale Strong,R,AL-5,@RepDaleStrong,@repdalestrong,https://www.facebook.com/dale.strong.92/
Rep. Dan Bishop,R,NC-8,@RepDanBishop,@repdanbishop,http://www.facebook.com/repdanbishop/
Rep. Daniel Goldman,D,NY-10,@danielsgoldman,@repdangoldman,https://www.facebook.com/RepDanGoldman
Rep. Daniel Kildee,D,MI-8,@RepDanKildee,@RepDanKildee,https://www.facebook.com/RepDanKildee/
Rep. Daniel Webster,R,FL-11,@RepWebster,@websterforcongress,https://www.facebook.com/RepWebster
Rep. Danny Davis,D,IL-7,@RepDannyDavis,,https://www.facebook.com/CongressmanDKDavis
Rep. Darin LaHood,R,IL-16,@RepLaHood,@replahood,https://www.facebook.com/replahood/
Rep. Darrell Issa1,R,CA-48,@repdarrellissa,@darrellissa,https://www.facebook.com/congressmandarrellissa/
Rep. Darren Soto,D,FL-9,@RepDarrenSoto,@repdarrensoto,http://www.facebook.com/CongressmanDarrenSoto/
Rep. David G. Valadao,R,CA-22,@RepDavidValadao,@repdavidvaladao,https://www.facebook.com/CongressmanDavidValadao
Rep. David Joyce,R,OH-14,@RepDaveJoyce,@repdavejoyce,https://www.facebook.com/RepDaveJoyce
Rep. David Rouzer,R,NC-7,@RepDavidRouzer,@repdavidrouzer,https://www.facebook.com/RepRouzer
Rep. David Schweikert,R,AZ-1,@RepDavid,@repdavid,https://www.facebook.com/repdavidschweikert
Rep. David Scott,D,GA-13,@RepDavidScott,@repdavidscott,https://www.facebook.com/RepDavidScott
Rep. David Trone,D,MD-6,@repdavidtrone,@repdavidtrone,http://www.facebook.com/repdavidtrone/
Rep. Dean Phillips,D,MN-3,@RepDeanPhillips,@repdeanphillips,https://www.facebook.com/RepDeanPhillips
Rep. Debbie Dingell,D,MI-6,@RepDebDingell,@repdingell,https://www.facebook.com/RepDebbieDingell
Rep. Debbie Lesko,R,AZ-8,@debbielesko,@replesko,https://www.facebook.com/RepDebbieLesko/
"Rep. Debbie Wasserman
Schultz",D,FL-25,@RepDWStweets,@RepDWSTweets,https://www.facebook.com/RepDWS
Rep. Deborah Ross,D,NC-2,@RepDeborahRoss,@repdeborahross,https://www.facebook.com/RepDeborahRoss/
Rep. Delia Ramirez,D,IL-3,@DeliaRamirezIL,@deliaramirezil,facebook.com/repdeliaramirez/
Rep. Diana DeGette,D,CO-1,@RepDianaDeGette,@repdianadegette,https://www.facebook.com/DianaDeGette
Rep. Dina Titus,D,NV-1,@RepDinaTitus,@dinatitusnv,https://www.facebook.com/CongresswomanTitus
Rep. Donald Bacon,R,NE-2,@RepDonBacon,@repdonbacon,https://www.facebook.com/RepDonBacon/
Rep. Donald Davis,D,NC-1,@DonDavisNC,@repdondavis,https://www.facebook.com/DonDavisNC/
Rep. Donald Norcross,D,NJ-1,@DonaldNorcross,@donald_norcross,https://www.facebook.com/DonaldNorcrossNJ
Rep. Donald Payne,D,NJ-10,@RepDonaldPayne,@repdonaldpaynejr,https://www.facebook.com/DonaldPayneJr
Rep. Doris Matsui,D,CA-7,@DorisMatsui,@repdorismatsui,https://www.facebook.com/doris.matsui
Rep. Doug LaMalfa,R,CA-1,@RepLaMalfa,@repdouglamalfa,https://www.facebook.com/RepLaMalfa
Rep. Doug Lamborn,R,CO-5,@RepDLamborn,@douglamborn,https://www.facebook.com/CongressmanDougLamborn
Rep. Drew Ferguson,R,GA-3,@RepDrewFerguson,@repdrewferguson,http://www.facebook.com/RepDrewFerguson/
Rep. Dwight Evans,D,PA-3,@RepDwightEvans,@repdwightevans,http://www.facebook.com/CongressmanDwightEvans/
Rep. Earl Blumenauer,D,OR-3,@BlumenauerMedia,@repblumenauer,https://www.facebook.com/blumenauer?fref=ts
Rep. Ed Case,D,HI-1,@repedcase,@repedcase,https://www.facebook.com/RepEdCase
Rep. Elijah Crane,R,AZ-2,@RepEliCrane,@repelicrane,https://www.facebook.com/rep.elicrane/
Rep. Elise Stefanik,R,NY-21,@RepStefanik,@repstefanik,https://www.facebook.com/RepEliseStefanik
Rep. Elissa Slotkin,D,MI-7,@repslotkin,@repslotkin,https://www.facebook.com/RepElissaSlotkin/
Rep. Emanuel Cleaver,D,MO-5,@RepCleaver,@repcleaver,https://www.facebook.com/emanuelcleaverii
Rep. Emilia Sykes,D,OH-13,@EmiliaSykesOH,@emilia_sykes,https://www.facebook.com/EmiliaSykes/
Rep. Eric Burlison,R,MO-7,@RepEricBurlison,@repericburlison,https://www.facebook.com/profile.php?id=100089208900263
Rep. Eric Sorensen,D,IL-17,@RepEricSorensen,@RepEricSorensen,https://www.facebook.com/RepEricSorensen
Rep. Eric Swalwell,D,CA-14,@RepSwalwell,@ericswalwell,https://www.facebook.com/CongressmanEricSwalwell
Rep. Erin Houchin,R,IN-9,@erin_houchin,@rephouchin,https://www.facebook.com/erinhouchinindiana/
Rep. Frank Lucas,R,OK-3,@RepFrankLucas,@repfranklucas,https://www.facebook.com/RepFrankLucas
Rep. Frank Mrvan,D,IN-1,@RepMrvan,@repmrvan,https://www.facebook.com/RepMrvan/
Rep. Frank Pallone,D,NJ-6,@FrankPallone,@repfrankpallone,https://www.facebook.com/RepFrankPallone
Rep. Franklin C. Scott,R,FL-18,@RepFranklin,,https://www.facebook.com/RepFranklin/
Rep. Frederica Wilson,D,FL-24,@RepWilson,@repwilson,https://www.facebook.com/RepWilson
Rep. French Hill,R,AR-2,@RepFrenchHill,@repfrenchhill,https://www.facebook.com/RepFrenchHill
Rep. Gabe Vasquez,D,NM-2,not yet set up,,
Rep. Garret Graves,R,LA-6,@RepGarretGraves,@instagravesla,https://www.facebook.com/CongressmanGarretGraves
Rep. Gary Palmer,R,AL-6,@USRepGaryPalmer,@repgarypalmer,https://www.facebook.com/USRepresentativeGaryPalmer
Rep. George Santos,R,NY-3,not yet set up,,
Rep. Glenn Ivey,D,MD-4,@glenniveymd,@repglennivey,https://www.facebook.com/GlennIveyMD
Rep. Grace Meng,D,NY-6,@RepGraceMeng,,https://www.facebook.com/repgracemeng
Rep. Grace Napolitano,D,CA-31,@GraceNapolitano,@repgracenapolitano,https://www.facebook.com/RepGraceNapolitano
Rep. Greg Landsman,R,OH-1,@GregLandsman,@repgreglandsman,https://www.facebook.com/RepGregLandsman
Rep. Greg Murphy,R,NC-3,@RepGregMurphy,@repgregmurphy,https://www.facebook.com/RepGregMurphy/
Rep. Greg Pence,R,IN-6,@RepGregPence,@repgregpence,https://www.facebook.com/RepGregPence/
Rep. Greg Stanton,D,AZ-4,@gregstantonaz,@repgregstanton,https://www.facebook.com/repgregstanton/
Rep. Gregory Meeks,D,NY-5,@GregoryMeeks,@repgregorymeeks,https://www.facebook.com/gregorymeeksny05
Rep. Gregory W. Steube,R,FL-17,@RepGregSteube,@repgregsteube,https://www.facebook.com/RepGregSteube/
Rep. Gus Bilirakis,R,FL-12,@RepGusBilirakis,@gusbilirakis,https://www.facebook.com/GusBilirakis
Rep. Hakeem Jeffries,D,NY-8,@RepJeffries,@repjeffries,https://www.facebook.com/RepHakeemJeffries
Rep. Haley Stevens,D,MI-11,@RepHaleyStevens,@RepHaleyStevens,https://www.facebook.com/RepHaleyStevens
Rep. Harold Rogers,R,KY-5,@RepHalRogers,@rephalrogers,https://www.facebook.com/CongressmanHalRogers
Rep. Henry Johnson,D,GA-4,@RepHankJohnson,@rephankjohnson,https://www.facebook.com/RepHankJohnson/
Rep. Hilary Scholten,D,MI-3,@RepScholten,@repscholten,https://www.facebook.com/RepScholten
Rep. Ilhan Omar,D,MN-5,@Ilhan,@repilhan,https://www.facebook.com/RepIlhan/
Rep. Jack Bergman,R,MI-1,@RepJackBergman,@RepJackBergman,https://www.facebook.com/RepJackBergman/
Rep. Jahana Hayes,D,CT-5,@RepJahanaHayes,@repjahanahayes,https://www.facebook.com/RepJahanaHayes
Rep. Jake Auchincloss,D,MA-4,@RepAuchincloss,@repauchincloss,https://www.facebook.com/RepAuchincloss
Rep. Jake LaTurner,R,KS-2,@RepLaTurner,,https://www.facebook.com/CongressmanJakeLaTurner/
Rep. Jamaal Bowman,D,NY-16,@RepBowman,@jamaalbowmanny,https://www.facebook.com/RepBowman/
Rep. James Baird,R,IN-4,@RepJimBaird,@RepJimBaird,https://www.facebook.com/RepJimBaird
Rep. James Comer,R,KY-1,@RepJamesComer,@congressmancomer,http://www.facebook.com/congressmancomer
Rep. James Himes,D,CT-4,@JAHimes,@repjimhimes,https://www.facebook.com/CongressmanJimHimes
Rep. James McGovern,D,MA-2,@RepMcGovern,@repmcgovern,https://www.facebook.com/RepJimMcGovern
Rep. Jamie Raskin,D,MD-8,@repraskin,@repraskin,http://www.facebook.com/repraskin
Rep. Janice Schakowsky,D,IL-9,@JanSchakowsky,@janschakowsky,https://www.facebook.com/janschakowsky
Rep. Jared Golden,D,ME-2,@RepGolden,,https://www.facebook.com/RepGolden
Rep. Jared Huffman,D,CA-2,@RepHuffman,@rephuffman,https://www.facebook.com/RepHuffman
Rep. Jared Moskowitz,D,FL-23,@JaredEMoskowitz,@repmoskowitz,https://www.facebook.com/jaredforcongress/
Rep. Jason Crow,D,CO-6,@RepJasonCrow,@repjasoncrow,https://www.facebook.com/RepJasonCrow
Rep. Jason Smith,R,MO-8,@RepJasonSmith,@repjasonsmith,https://www.facebook.com/repjasonsmith
Rep. Jay Obernolte,R,CA-23,@JayObernolte,@jayobernolte,https://www.facebook.com/RepObernolte
Rep. Jeff Jackson,D,NC-14,@JeffJacksonNC,@jeffjacksonnc,https://www.facebook.com/JeffJacksonNC/
Rep. Jefferson Van Drew,R,NJ-2,@Congressmanjvd,@jeffvandrew,https://www.facebook.com/CongressmanJVD/
Rep. Jerrold Nadler,D,NY-12,@RepJerryNadler,@repjerrynadler,https://www.facebook.com/CongressmanNadler
Rep. Jerry L. Carl,R,AL-1,@RepJerryCarl,@repjerrycarl,https://www.facebook.com/RepJerryCarl
Rep. Jesus Garcia,D,IL-4,@RepChuyGarcia,,https://www.facebook.com/RepChuyGarcia/
Rep. Jill Tokuda,D,HI-2,@RepJillTokuda,@repjilltokuda,https://www.facebook.com/RepJillTokuda
Rep. Jim Banks,R,IN-3,@RepJimBanks,,http://www.facebook.com/RepJimBanks/
Rep. Jim Costa,D,CA-21,@RepJimCosta,@repjimcosta,https://www.facebook.com/RepJimCosta/
Rep. Jim Jordan,R,OH-4,@Jim_Jordan,@jim.jordan.official,https://www.facebook.com/repjimjordan
Rep. Jimmy Gomez,D,CA-34,@RepJimmyGomez,@jimmygomezca,https://www.facebook.com/RepJimmyGomez
Rep. Jimmy Panetta,D,CA-19,@RepJimmyPanetta,@repjimmypanetta,http://www.facebook.com/RepJimmyPanetta/
Rep. Joe Courtney,D,CT-2,@RepJoeCourtney,@repjoecourtney,https://www.facebook.com/joecourtney
Rep. John Duarte,R,CA-13,not yet set up,,
Rep. John Garamendi,R,CA-8,@RepGaramendi,@repgaramendi,https://www.facebook.com/repgaramendi
Rep. John James,R,MI-10,@JohnJamesMI,@johnjamesmi,https://www.facebook.com/JohnJamesMI/
Rep. John Larson,D,CT-1,@RepJohnLarson,@RepJohnBLarson,https://www.facebook.com/RepJohnLarson
Rep. John Moolenaar,R,MI-2,@RepMoolenaar,@RepMoolenaar,https://www.facebook.com/RepMoolenaar
Rep. John Rutherford,R,FL-5,@RepRutherfordFL,@reprutherfordfl,https://www.facebook.com/RepRutherfordFL/
Rep. John Sarbanes,D,MD-3,@RepSarbanes,,https://www.facebook.com/RepSarbanes
Rep. Jonathan Jackson,D,IL-1,not yet set up,,
Rep. Joseph Morelle,D,NY-25,@RepJoeMorelle,@repjoemorelle,https://www.facebook.com/RepJoeMorelle/
Rep. Joseph Neguse,D,CO-2,@RepJoeNeguse,@repjoeneguse,https://www.facebook.com/RepJoeNeguse/
Rep. Josh Brecheen,R,OK-2,@RepBrecheen,@repbrecheen,https://www.facebook.com/people/Congressman-Josh-Brech
Rep. Josh Gottheimer,D,NJ-5,@RepJoshG,@RepJoshG,https://www.facebook.com/RepJoshG
Rep. Josh Harder,D,CA-9,@joshua_harder,@repjoshharder,https://www.facebook.com/harderforcongress/
Rep. Joyce Beatty,D,OH-3,@RepBeatty,@repbeatty,https://www.facebook.com/RepJoyceBeatty
Rep. Juan Ciscomani,R,AZ-6,@JuanCiscomani,@juanciscomani,https://www.facebook.com/juanciscomani/
Rep. Juan Vargas,D,CA-52,@RepJuanVargas,@repjuanvargas,https://www.facebook.com/RepJuanVargas
Rep. Judy Chu,D,CA-28,@RepJudyChu,@repjudychu,https://www.facebook.com/RepJudyChu
Rep. Julia Brownley,D,CA-26,@JuliaBrownley26,@repbrownley,https://www.facebook.com/RepJuliaBrownley
Rep. Julia Letlow,R,LA-5,@repjulialetlow,@repjulialetlow,https://www.facebook.com/repjulialetlow
Rep. Kat Cammack,R,FL-3,@RepKatCammack,@repkatcammack,https://www.facebook.com/RepKatCammack
Rep. Katherine Clark,D,MA-5,@RepKClark,@repkclark,https://www.facebook.com/CongresswomanClark
Rep. Kathy Castor,D,FL-14,@USRepKCastor,@usrepkathycastor,https://www.facebook.com/USRepKathyCastor
Rep. Kathy Manning,D,NC-6,@RepKManning,@repkathymanning,https://facebook.com/RepKathyManning
Rep. Katie Porter,D,CA-47,@RepKatiePorter,@repkatieporter,https://www.facebook.com/repkatieporter/
Rep. Kelly Armstrong,R,ND-0,@RepArmstrongND,@reparmstrongnd,https://www.facebook.com/RepArmstrongND
Rep. Ken Buck,R,CO-4,@RepKenBuck,@repkenbuck,https://www.facebook.com/repkenbuck
Rep. Ken Calvert,R,CA-41,@KenCalvert,@repkencalvert,https://www.facebook.com/RepKenCalvert
Rep. Kevin Hern,R,OK-1,@repkevinhern,@repkevinhern,https://www.facebook.com/repkevinhern/
Rep. Kevin Kiley,R,CA-3,@KevinKileyCA,@kevinpkiley,https://www.facebook.com/KevinKileyCA/
Rep. Kevin McCarthy,R,CA-20,@SpeakerMcCarthy,@speakermccarthy,https://www.facebook.com/kevinomccarthy/
Rep. Kweisi Mfume,D,MD-7,@repkweisimfume,@repkweisimfume,http://www.facebook.com/RepKweisiMfume
Rep. Larry Bucshon,R,IN-8,@RepLarryBucshon,@replarrybucshon,https://www.facebook.com/RepLarryBucshon
Rep. Laurel Lee,R,FL-15,@RepLaurelLee,@replaurellee,https://www.facebook.com/VoteLaurel/
Rep. Lauren Boebert,R,CO-3,@RepBoebert,@repboebert,https://www.facebook.com/RepBoebert/
Rep. Lauren Underwood,D,IL-14,@RepUnderwood,@repunderwood,https://www.facebook.com/repunderwood/
Rep. Linda Sanchez,D,CA-38,@RepLindaSanchez,@replindasanchez,https://www.facebook.com/CongresswomanLindaSanchez
Rep. Lisa Blunt Rochester,D,DE-0,@RepBRochester,@rep.lisabluntrochester,https://www.facebook.com/Rep.BluntRochester/
Rep. Lisa McClain,R,MI-9,@RepLisaMcClain,@RepLisaMcClain,https://www.facebook.com/RepLisaMcClain
Rep. Lois Frankel,D,FL-22,@RepLoisFrankel,@reploisfrankel,https://www.facebook.com/RepLoisFrankel
Rep. Lori Chavez-DeRemer,R,OR-5,@RepLCD,@replcd,https://www.facebook.com/RepLCD
Rep. Lori Trahan,D,MA-3,@RepLoriTrahan,@reploritrahan,https://www.facebook.com/RepLoriTrahan/
Rep. Lucy McBath,D,GA-7,@RepLucyMcBath,@replucymcbath,https://www.facebook.com/replucymcbath
Rep. Luis Correa,D,CA-46,@RepLouCorrea,@reploucorrea,https://www.facebook.com/RepLouCorrea/
Rep. Madeleine Dean,D,PA-4,@RepDean,@repmadeleinedean,https://www.facebook.com/RepMadeleineDean/
Rep. Marcus Molinaro,R,NY-19,@marcmolinaro,@marcmolinarony,https://www.facebook.com/MarcMolinaroNY/
Rep. Marcy Kaptur,D,OH-9,@RepMarcyKaptur,@repmarcykaptur,https://www.facebook.com/RepresentativeMarcyKaptur
Rep. Maria Elvira Salazar,R,FL-27,@RepMariaSalazar,@repmariasalazar,https://www.facebook.com/CongresswomanMariaElviraSalazar
Rep. Mariannette Miller-Meeks,R,IA-1,@RepMMM,@millermeeks,https://www.facebook.com/RepMMM
Rep. Mario Diaz-Balart,R,FL-26,@MarioDB,@repmariodb,https://www.facebook.com/mdiazbalart
Rep. Marjorie Taylor Greene,R,GA-14,@RepMTG,@realmarjoriegreene,https://www.facebook.com/RepMTGreene
Rep. Mark Alford,R,MO-4,@RepMarkAlford,@repmarkalford,https://www.facebook.com/profile.php?id=100089595940547
Rep. Mark Amodei,R,NV-2,@MarkAmodeiNV2,@MarkAmodeiNV2,https://www.facebook.com/MarkAmodeiNV2
Rep. Mark DeSaulnier,D,CA-10,@RepDeSaulnier,@repdesaulnier,https://www.facebook.com/RepMarkDeSaulnier
Rep. Mark Takano,D,CA-39,@RepMarkTakano,@repmarktakano,https://www.facebook.com/RepMarkTakano
Rep. Mary Miller,R,IL-15,@RepMaryMiller,@repmarymiller,https://www.facebook.com/RepMaryMiller/
Rep. Mary Peltola,D,AK-0,@Rep_Peltola,@marypeltola,https://www.facebook.com/reppeltola
Rep. Matt Gaetz,R,FL-1,@Rep_Matt_Gaetz,@Congressman_Matt_Gae,http://www.facebook.com/CongressmanMattGaetz/
Rep. Matthew Rosendale,R,MT-2,@RepRosendale,@RepRosendale,https://www.facebook.com/RepRosendale
Rep. Max Miller,R,OH-7,not yet set up,,
Rep. Maxine Waters,D,CA-43,@MaxineWaters,@repmaxinewaters,https://www.facebook.com/MaxineWaters
Rep. Maxwell Frost,D,FL-10,@MaxwellFrostFL,@maxwellfrostfl,https://www.facebook.com/MaxwellFrostFL/
Rep. Melanie Stansbury,D,NM,@Rep_Stansbury,@repstansbury,https://www.facebook.com/RepStansbury/
Rep. Michael Guest,R,MS-3,@RepMichaelGuest,@repmichaelguest,http://www.facebook.com/RepMichaelGuest
Rep. Michael Lawler,R,NY-17,@RepMikeLawler,@repmikelawler,https://www.facebook.com/RepMikeLawler
Rep. Michael Simpson,R,ID-2,@CongMikeSimpson,,https://www.facebook.com/pages/Mike-Simpson
Rep. Michael Turner,R,OH-10,@RepMikeTurner,@repmiketurner,https://www.facebook.com/RepMikeTurner
Rep. Michael Waltz,R,FL-6,@RepMichaelWaltz,@RepMichaelWaltz,https://www.facebook.com/repmichaelwaltz/
Rep. Michelle Fischbach,R,MN-7,@RepFischbach,@repfischbach,https://www.facebook.com/RepFischbach/
Rep. Michelle Steel,R,CA-45,@RepSteel,@michellesteelca,https://www.facebook.com/RepSteel/
Rep. Mike Bost,R,IL-12,@RepBost,,https://www.facebook.com/RepBost
Rep. Mike Carey,R,OH-15,@RepMikeCarey,,https://www.facebook.com/RepMikeCarey
Rep. Mike Collins,R,GA-10,@MikeCollinsGA,@mikecollinsga,https://www.facebook.com/MikeCollinsGA10/
Rep. Mike Ezell,R,MS-4,@repezell,@repmikeezell,https://www.facebook.com/RepEzell/
Rep. Mike Flood,R,NE-1,@USRepMikeFlood,@usrepmikeflood,https://www.facebook.com/RepMikeFlood
Rep. Mike Garcia,R,CA-27,@RepMikeGarcia,@repmikegarcia,https://www.facebook.com/electmikegarcia/
Rep. Mike Johnson,R,LA-4,@RepMikeJohnson,@RepMikeJohnson,http://www.facebook.com/RepMikeJohnson/
Rep. Mike Levin,D,CA-49,@RepMikeLevin,@RepMikeLevin,https://www.facebook.com/RepMikeLevin
Rep. Mike Quigley,D,IL-5,@RepMikeQuigley,@repmikequigley,https://www.facebook.com/repmikequigley
Rep. Mike Rogers,R,AL-3,@RepMikeRogersAL,@repmikerogersal,https://www.facebook.com/CongressmanMikeDRogers
Rep. Mike Thompson,D,CA-4,@RepThompson,@repmikethompson,https://www.facebook.com/RepMikeThompson
Rep. Mikie Sherrill,D,NJ-11,@RepSherrill,@repsherrill,https://www.facebook.com/RepMikieSherrill/
Rep. Morgan McGarvey,D,KY-3,@RepMcGarvey,@repmcgarvey,https://www.facebook.com/RepMcGarvey
Rep. Nancy Pelosi,D,CA-11,@NancyPelosi,@speakerpelosi,https://www.facebook.com/NancyPelosi
Rep. Nanette Barragan,D,CA-44,@RepBarragan,@repbarragan,http://www.facebook.com/CongresswomanBarragan/
Rep. Neal Dunn,R,FL-2,@DrNealDunnFL2,@drnealdunnfl2,https://www.facebook.com/DrNealDunnFL2/
Rep. Nicholas Langworthy,R,NY-23,@NickLangworthy,@nicklangworthy,https://www.facebook.com/ChairmanNickLangworthy/
Rep. Nick LaLota,R,NY-1,@RepLaLota,@replalota,https://www.facebook.com/replalota
Rep. Nicole Malliotakis,R,NY-11,@RepMalliotakis,@nmalliotakis,https://www.facebook.com/RepMalliotakis/
Rep. Nikema Williams,D,GA-5,@RepNikema,@repnikema,https://www.facebook.com/RepNikemaWilliams/
Rep. Nikki Budzinski,D,IL-13,@RepNikkiB,@repnikki,https://www.facebook.com/NikkiforCongress/
Rep. Norma Torres,D,CA-35,@NormaJTorres,@repnormatorres,https://www.facebook.com/RepNormaTorres
Rep. Nydia Velazquez,D,NY-7,@NydiaVelazquez,@rep_velazquez,https://www.facebook.com/RepNydiaVelazquez/
Rep. Patrick McHenry,R,NC-10,@PatrickMcHenry,@reppatrickmchenry,https://www.facebook.com/CongressmanMcHenry
Rep. Patrick Ryan,D,NY-18,@RepPatRyanNY,,https://www.facebook.com/RepPatRyan/
Rep. Paul Gosar,D,AZ-9,@RepGosar,@Repgosar,https://www.facebook.com/repgosar
Rep. Paul Tonko,D,NY-20,@RepPaulTonko,@reppaultonko,https://www.facebook.com/reppaultonko
Rep. Pete Aguilar,D,CA-33,@RepPeteAguilar,@rep.peteaguilar,https://www.facebook.com/reppeteaguilar
Rep. Peter Stauber,R,MN-8,@RepPeteStauber,@reppetestauber,http://www.facebook.com/reppetestauber/
Rep. Raja  Krishnamoorthi,D,IL-8,@congressmanraja,@congressmanraja,http://www.facebook.com/congressmanraja
Rep. Randy Feenstra,R,IA-4,@RepFeenstra,@repfeenstra,https://www.facebook.com/RepFeenstra/
Rep. Rashida Tlaib,D,MI-12,@RepRashida,@rashidatilab,http://www.facebook.com/reprashida
Rep. Raúl Grijalva,D,AZ-7,@RepRaulGrijalva,@repraulgrijalva,"https://www.facebook.com/Rep.Grijalva,"
Rep. Raul Ruiz,D,CA-25,@CongressmanRuiz,@repraulruizmd,https://www.facebook.com/CongressmanRaulRuizMD
Rep. Richard Hudson,R,NC-9,@RepRichHudson,@reprichhudson,https://www.facebook.com/RepRichHudson
Rep. Richard McCormick,D,GA-6,@RepMcCormick,@reprichmccormick,https://www.facebook.com/RichforGA/
Rep. Richard Neal,D,MA-1,@RepRichardNeal,,https://www.facebook.com/pages/Congressman-Richard-Neal
Rep. Rick Allen,R,GA-12,@reprickallen,@rep_rickallen,https://www.facebook.com/CongressmanRickAllen
Rep. Rick Crawford,R,AR-1,@RepRickCrawford,@reprickcrawford,https://www.facebook.com/RepRickCrawford
Rep. Ritchie Torres,D,NY-15,@RepRitchie,@repritchie,https://www.facebook.com/RepRitchie/
Rep. Ro Khanna,D,CA-17,@RepRoKhanna,@reprokhanna,http://www.facebook.com/RepRoKhanna/
Rep. Robert Aderholt,R,AL-4,@Robert_Aderholt,@robert_aderholt,https://www.facebook.com/RobertAderholt
Rep. Robert Garcia,D,CA-42,@RobertGarcia,@RepRobertGarcia,https://www.facebook.com/robertgarcialb/
Rep. Robert Latta,R,OH-5,@BobLatta,@boblatta,https://www.facebook.com/boblatta?fref=ts
Rep. Robert Menendez,D,NJ-8,@RepMenendez,@repmenendez,https://www.facebook.com/RobMenendez4NJ/
Rep. Robin Kelly,D,IL-2,@RepRobinKelly,@reprobinkelly,https://www.facebook.com/reprobinkelly
Rep. Ron Estes,R,KS-4,@RepRonEstes,@RepRonEstes,https://www.facebook.com/RepRonEstes
Rep. Rosa DeLauro,D,CT-3,@RosaDeLauro,@reprosadelauro,https://www.facebook.com/CongresswomanRosaDeLauro
Rep. Ruben Gallego,D,AZ-3,@RepRubenGallego,@reprubengallego,https://www.facebook.com/RepRubenGallego
Rep. Rudy Yakym,R,IN-2,@RepRudyYakym,,https://www.facebook.com/RepRudyYakym
Rep. Russ Fulcher,R,ID-1,@reprussfulcher,@reprussfulcher,https://www.facebook.com/RepRussFulcher
Rep. Ryan Zinke,R,MT-1,@RepRyanZinke,@repryanzinke,https://www.facebook.com/ryanzinke/
Rep. Salud Carbajal,D,CA-24,@RepCarbajal,@repcarbajal,http://www.facebook.com/repsaludcarbajal/
Rep. Sam Graves,R,MO-6,@RepSamGraves,@repsamgraves,https://www.facebook.com/RepSamGraves/
Rep. Sanford Bishop,D,GA-2,@SanfordBishop,@repsanfordbishop,https://www.facebook.com/sanfordbishop
Rep. Sara Jacobs,D,CA-51,@RepSaraJacobs,@sarajacobsca,https://www.facebook.com/RepSaraJacobs/
Rep. Scott Peters,D,CA-50,@RepScottPeters,@repscottpeters,https://www.facebook.com/scottpeterssandiego
Rep. Sean Casten,D,IL-6,@RepCasten,@repseancasten,https://www.facebook.com/RepSeanCasten/
Rep. Seth Moulton,D,MA-6,@teammoulton,@RepMoulton,https://www.facebook.com/CongressmanSethMoulton
Rep. Sharice Davids,D,KS-3,@RepDavids,@repdavids,https://www.facebook.com/RepDavids
Rep. Sheila Cherfilus-McCormick,D,FL-20,@CongresswomanSC,@sheilacherfilusmccormick,https://www.facebook.com/congresswomanSCM
Rep. Shontel Brown,D,OH-11,@RepShontelBrown,@shontelbrown,https://www.facebook.com/RepShontelBrown/
Rep. Shri Thanedar,D,MI-13,@RepShriThanedar,@repshrithanedar,
Rep. Steny Hoyer,D,MD-5,@WhipHoyer,@repstenyhoyer,https://www.facebook.com/WhipHoyer
Rep. Stephanie Bice,R,OK-5,@RepBice,@stephaniebice,https://www.facebook.com/RepStephanieBice/
Rep. Stephen Lynch,D,MA-8,@RepStephenLynch,@repstephenlynch,https://www.facebook.com/repstephenlynch
Rep. Steve Scalise,R,LA-1,@SteveScalise,@stevescalise,https://www.facebook.com/RepSteveScalise
Rep. Steve Womack,R,AR-3,@Rep_SteveWomack,@rep_stevewomack,https://www.facebook.com/RepSteveWomack?v=wall
Rep. Steven Horsford,D,NV-4,@RepHorsford,@rephorsford,https://www.facebook.com/RepHorsford/
Rep. Susie Lee,D,NV-3,@RepSusieLee,@repsusielee,https://www.facebook.com/RepSusieLee
Rep. Suzanne Bonamici,D,OR-1,@RepBonamici,@repbonamini,https://www.facebook.com/CongresswomanBonamici
Rep. Sydney Kamlager-Dove,D,CA-37,@sydneykamlager,@sydneykamlager,https://www.facebook.com/SenSydneyKamlager/
Rep. Ted Lieu,D,CA-36,@RepTedLieu,@RepTedLieu,https://www.facebook.com/RepTedLieu
Rep. Teresa Leger Fernandez,D,NM-3,@RepTeresaLF,@RepLegerFernandez,https://www.facebook.com/RepTeresaLF
Rep. Terri Sewell,D,AL-7,@RepTerriSewell,@repterriasewell,https://www.facebook.com/RepSewell
Rep. Thomas Kean,R,NJ-7,@CongressmanKean,@congressmankean,https://www.facebook.com/tomkeanjr/
Rep. Thomas Massie,R,KY-4,@RepThomasMassie,@repthomasmassie,https://www.facebook.com/RepThomasMassie
Rep. Tim Walberg,R,MI-5,@RepWalberg,@RepWalberg,https://www.facebook.com/RepWalberg
Rep. Tom Cole,R,OK-4,@TomColeOK04,@TomColeOK04,https://www.facebook.com/TomColeOK04
Rep. Tom Emmer,R,MN-6,@RepTomEmmer,@reptomemmer,https://www.facebook.com/reptomemmer
Rep. Tom McClintock,R,CA-5,@RepMcClintock,@repmcclintok,https://www.facebook.com/pages/Congressman-Tom-McClin
Rep. Tony Cardenas,D,CA-29,@RepCardenas,@repcardenas,https://www.facebook.com/repcardenas
Rep. Tracey Mann,R,KS-1,@RepMann,@reptraceymann,https://www.facebook.com/Congressman-Tracey-Mann
Rep. Trent Kelly,R,MS-1,@reptrentkelly,@reptrentkelly,https://www.facebook.com/RepTrentKelly
Rep. Troy Balderson,R,OH-12,@RepBalderson,@repbalderson,https://www.facebook.com/RepTroyBalderson/
Rep. Troy Carter,D,LA-2,@RepTroyCarter,@reptroycarter,https://www.facebook.com/repjulialetlow/
Rep. Val Hoyle,D,OR-4,@repvalhoyle,@rephoyle,https://www.facebook.com/people/Val-Hoyle/100089086878
Rep. Valerie Foushee,D,NC-4,@ValerieFoushee,@repvaleriefoushee,https://www.facebook.com/RepValerieFoushee/
Rep. Vern Buchanan,R,FL-16,@VernBuchanan,@repvern,https://www.facebook.com/CongressmanBuchanan
Rep. Victoria Spartz,R,IN-5,@RepSpartz,@repvictoriaspartz,https://www.facebook.com/RepSpartz/
Rep. Virginia Foxx,R,NC-5,@VirginiaFoxx,@repvirginiafoxx,https://www.facebook.com/RepVirginiaFoxx
Rep. Warren Davidson,R,OH-8,@WarrenDavidson,@instawarrendavidson,http://www.facebook.com/CongressmanWarrenDavidson
Rep. William Keating,D,MA-9,@USRepKeating,,https://www.facebook.com/Congressman.Keating
Rep. Yadira Caraveo,D,CO-8,@YadiraCaraveo,@caraveoforcongress,https://www.facebook.com/caraveoforcongress/
Rep. Young Kim,R,CA-40,@RepYoungKim,@repyoungkim,https://www.facebook.com/RepYoungKim
Rep. Yvette Clarke,D,NY-9,@YvetteClarke,@repyvetteclarke,https://www.facebook.com/repyvettedclarke
Rep. Zachary Nunn,R,IA-3,@ZachNunn,@RepZachNun,https://www.facebook.com/RepZachNunn/
Rep. Zoe Lofgren,D,CA-18,@RepZoeLofgren,@repzoelofgren,https://www.facebook.com/zoelofgren
Rep.Wiley Nickel,D,NC-13,@wileynickel,@wileynickelnc,https://www.facebook.com/WileyNickelNC/
Sen. Alex Padilla,D,CA,@SenAlexPadilla,@senalexpadilla,https://www.facebook.com/SenAlexPadilla/
Sen. Amy Klobuchar,D,MN,@amyklobuchar,@amyklobuchar,https://www.facebook.com/amyklobuchar
Sen. Angus King Jr.,I,ME,@SenAngusKing,@anguskingmaine,https://www.facebook.com/SenatorAngusSKingJr
Sen. Ben Ray Lujan,D,NM,@SenatorLujan,@benraylujan,https://www.facebook.com/SenatorLujan/
Sen. Benjamin Cardin,D,MD,@SenatorCardin,@senatorcardin,https://www.facebook.com/senatorbencardin
Sen. Bill Cassidy,R,LA,@BillCassidy,@billcassidy,https://www.facebook.com/billcassidy/
Sen. Bob Casey,D,PA,@SenBobCasey,@senbobcasey,https://www.facebook.com/SenatorBobCasey
Sen. Brian Schatz,D,HI,@SenBrianSchatz,@brianschatz,https://www.facebook.com/SenBrianSchatz
Sen. Catherine Cortez Masto,D,NV,@SenCortezMasto,@sencortezmasto,https://www.facebook.com/SenatorCortezMasto/
Sen. Charles Grassley,R,IA,@ChuckGrassley,@senatorchuckgrassley,https://www.facebook.com/grassley
Sen. Charles Schumer,D,NY,@SenSchumer,@chuckschumer,https://www.facebook.com/senschumer/
Sen. Chris Coons,D,DE,@ChrisCoons,@senatorchriscoons,https://www.facebook.com/senatorchriscoons
Sen. Chris Van Hollen,D,MD,@ChrisVanHollen,@chrisvanhollen,https://www.facebook.com/chrisvanhollen/
Sen. Christopher Murphy,D,CT,@ChrisMurphyCT,@chrismurphyct,https://www.facebook.com/ChrisMurphyCT/
Sen. Cindy Hyde-Smith,R,MS,@SenHydeSmith,@sencindyhydesmith,https://www.facebook.com/SenatorCindyHydeSmith/
Sen. Cory Booker,D,NJ,@SenBookerOffice,@corybooker,https://www.facebook.com/corybooker/
Sen. Dan Sullivan,R,AK,@SenDanSullivan,@sen_dansullivan,https://www.facebook.com/SenDanSullivan
Sen. Deb Fischer,R,NE,@SenatorFischer,@senatorfischer,https://www.facebook.com/senatordebfischer
Sen. Debbie Stabenow,D,MI,@SenStabenow,@senatordebbiestabenow,https://www.facebook.com/stabenow/
Sen. Dianne Feinstein,D,CA,@SenFeinstein,,https://www.facebook.com/SenatorFeinstein/
Sen. Ed Markey,D,MA,@SenMarkey,@edmarkey,https://www.facebook.com/EdJMarkey
Sen. Elizabeth Warren,D,MA,@SenWarren,@elizabethwarrenma,https://www.facebook.com/senatorelizabethwarren
Sen. Eric Schmitt,R,MO,@SenEricSchmitt,@senericschmitt,https://www.facebook.com/SenEricSchmitt/
Sen. Gary Peters,D,MI,@SenGaryPeters,@sengarypeters,https://www.facebook.com/SenGaryPeters
Sen. J.D. Vance,R,OH,@SenVancePress,not yet set up,
Sen. Jacky Rosen,D,NV,@SenJackyRosen,@senjackyrosen,https://www.facebook.com/SenJackyRosen/
Sen. James Lankford,R,OK,@SenatorLankford,@senatorlankford,https://www.facebook.com/SenatorLankford
Sen. Jeanne Shaheen,D,NH,@SenatorShaheen,@senatorshaheen,https://www.facebook.com/SenatorShaheen
Sen. Jeff Merkley,D,OR,@SenJeffMerkley,@senjeffmerkley,https://www.facebook.com/jeffmerkley
Sen. Jerry Moran,R,KS,@JerryMoran,@senjerrymoran,https://www.facebook.com/jerrymoran
Sen. Jim Risch,R,ID,@SenatorRisch,,http://www.facebook.com/senatorjimrisch
Sen. John Boozman,R,AR,@JohnBoozman,@johnboozman,https://www.facebook.com/JohnBoozman
Sen. John Fetterman,D,PA,@SenFettermanPA,,https://www.facebook.com/JohnFettermanPA/
Sen. John Hickenlooper,D,CO,@SenatorHick,@johnhickenlooper,https://www.facebook.com/SenatorHick/
Sen. John Hoeven,R,ND,@SenJohnHoeven,@senjohnhoeven,https://www.facebook.com/SenatorJohnHoeven
Sen. John Kennedy,R,LA,@SenJohnKennedy,@senjohnkennedy,https://www.facebook.com/JohnKennedyLouisiana/
Sen. Jon Ossoff,D,GA,@SenOssoff,@jonossoff,https://www.facebook.com/SenOssoff/
Sen. Jon Tester,D,MT,@SenatorTester,@senatorjontester,https://www.facebook.com/senatortester
Sen. Joni Ernst,R,IA,@SenJoniErnst,@senjoniernst,https://www.facebook.com/senjoniernst
Sen. Josh Hawley,R,MO,@HawleyMO,@senatorhawley,https://www.facebook.com/SenatorHawley/
Sen. Katie Boyd Britt,R,AL,@SenKatieBritt,@senkatiebritt,https://www.facebook.com/senkatiebritt/
Sen. Kevin Cramer,R,ND,@kevincramer,@senatorkevincramer,
Sen. Kirsten Gillibrand,D,NY,@SenGillibrand,@kirstengillibrand,https://www.facebook.com/KirstenGillibrand/
Sen. Kyrsten Sinema,D,AZ,@Senatorsinema,@senatorsinema,https://www.facebook.com/senatorsinema/
Sen. Lisa Murkowski,R,AK,@lisamurkowski,@senlisamurkowski,https://www.facebook.com/SenLisaMurkowski/
Sen. Marco Rubio,R,FL,@marcorubio,@marcorubiofla,https://www.facebook.com/SenatorMarcoRubio
Sen. Margaret Wood Hassan,D,NH,@SenatorHassan,@senatorhassan,https://www.facebook.com/SenatorHassan/
Sen. Mark Kelly,D,AZ,@SenMarkkelly,@senamarkkelly,https://www.facebook.com/SenMarkKelly
Sen. Markwayne Mullin,R,OK,@SenMullin,@senmullin,https://www.facebook.com/mullinforamerica/
Sen. Martin Heinrich,D,NM,@MartinHeinrich,@senatormartinheinrich,https://www.facebook.com/MartinHeinrich
Sen. Mazie Hirono,D,HI,@maziehirono,@maziehirono,https://www.facebook.com/senatorhirono
Sen. Michael Bennet,D,CO,@SenBennetCO,@SenatorBennet,https://www.facebook.com/senbennetco
Sen. Michael Crapo,R,ID,@MikeCrapo,@mikecrapo,https://www.facebook.com/mikecrapo
Sen. Mike Braun,R,IN,@SenatorBraun,@senatorbraun,https://www.facebook.com/SenatorBraun/
Sen. Mitch McConnell,R,KY,@McConnellPress,@mcconnellpress,https://www.facebook.com/mitchmcconnell
Sen. Pete Ricketts,R,NE,@GovRicketts,@govricketts,https://www.facebook.com/GovernorPeteRicketts/
Sen. Rand Paul,R,KY,@DrRandPaul,@drrandpaul,https://www.facebook.com/SenatorRandPaul
Sen. Raphael Warnock,D,GA,@ReverendWarnock,@raphaelwarnock,https://www.facebook.com/reverendwarnock
Sen. Richard Blumenthal,D,CT,@SenBlumenthal,@senblumenthal,https://www.facebook.com/SenBlumenthal
Sen. Richard Durbin,D,IL,@SenatorDurbin,@durbincampaign,https://www.facebook.com/SenatorDurbin
Sen. Rick Scott,R,FL,@senrickscott,@flsenrickscott,
Sen. Robert Menendez,D,NJ,@SenatorMenendez,@senatormenendez,https://www.facebook.com/senatormenendez
"Sen. Roger Marshall, M.D.",R,KS,@RogerMarshallMD,@senrogermarshall,https://www.facebook.com/RogerMarshallMD/
Sen. Roger Wicker,R,MS,@SenatorWicker,@senatorwicker,https://www.facebook.com/SenatorWicker
Sen. Ron Wyden,D,OR,@RonWyden,@RonWyden,https://www.facebook.com/wyden/
Sen. Sherrod Brown,D,OH,@SenSherrodBrown,@sensherrodbrown,https://www.facebook.com/sherrod/
Sen. Steve Daines,R,MT,@SteveDaines,@stevedaines,https://www.facebook.com/SteveDainesMT
Sen. Susan Collins,R,ME,@SenatorCollins,@sensusancollins,https://www.facebook.com/susancollins
Sen. Tammy Duckworth,D,IL,@SenDuckworth,@SenDuckworth,https://www.facebook.com/SenDuckworth
Sen. Ted Budd,R,NC,@SenTedBudd,@sentedbudd,https://www.facebook.com/SenTedBudd/
Sen. Thom Tillis,R,NC,@SenThomTillis,@senthomtillis,https://www.facebook.com/SenatorThomTillis
Sen. Thomas Carper,D,DE,@SenatorCarper,@senatorcarper,https://www.facebook.com/tomcarper
Sen. Tina Smith,D,MN,@SenTinaSmith,@tinasmithmn,https://www.facebook.com/USSenTinaSmith/
Sen. Todd Young,R,IN,@SenToddYoung,@sentoddyoung,https://www.facebook.com/SenatorToddYoung
Sen. Tom Cotton,R,AR,@SenTomCotton,@tomcottonar,https://www.facebook.com/SenatorTomCotton
Sen. Tommy Tuberville,R,AL,@SenTuberville,@sentuberville,https://www.facebook.com/SenatorTuberville/
,,,,,
,,,,,
Member of Congress,Party,State,Twitter Handle,Instagram,Facebook Address
Rep. Mary Gay Scanlon,D,PA-5,@repmgs,@repmgs,https://www.facebook.com/RepMGS/
Rep. Chrissy Houlahan,D,PA-6,@rephoulahan,@chrissyhoulahan,https://www.facebook.com/ChrissyHoulahan/
Rep. Susan Wild,D,PA-7,@RepSusanWild,@repsusanwild,https://www.facebook.com/repsusanwild
Rep. Matthew Cartwright,D,PA-8,@RepCartwright,@repmattcartwright,https://www.facebook.com/CongressmanMattCartwright
Rep. Daniel Meuser,R,PA-9,@RepMeuser,@repmeuser,http://www.facebook.com/repmeuser
Rep. Scott Perry,R,PA-10,@RepScottPerry,@repscottperry,https://www.facebook.com/repscottperry
Rep. Lloyd Smucker,R,PA-11,@RepSmucker,@rep.smucker,https://www.facebook.com/RepSmucker
Rep. Summer Lee,D,PA-12,@RepSummerLee,@congresswomansummerl,https://www.facebook.com/RepSummerLee/
Rep. John Joyce,R,PA-13,@RepJohnJoyce,@johnjoycepa13,https://www.facebook.com/RepJohnJoyce/
Rep. Guy Reschenthaler,R,PA-14,@GReschenthaler,@greschenthaler,https://www.facebook.com/GReschenthaler
Rep. Glenn Thompson,R,PA-15,@CongressmanGT,@congressman_gt,https://www.facebook.com/CongressmanGT/
Rep. Mike Kelly,R,PA-16,@MikeKellyPA,,https://www.facebook.com/MikeKellyPA
Rep. Christopher Deluzio,D,PA-17,@RepDeluzio,@repdeluzio,https://www.facebook.com/RepChrisDeluzio/
Sen. Jack Reed,D,RI,@SenJackReed,@reedforri,https://www.facebook.com/SenJackReed/
Sen. Sheldon Whitehouse,D,RI,@SenWhitehouse,@senwhitehouse,https://www.facebook.com/SenatorWhitehouse
Rep. David Cicilline,D,RI-1,@RepCicilline,@repdavidcicilline,https://www.facebook.com/CongressmanDavidCicilline
Rep. Seth Magaziner,D,RI-2,@SethMagaziner,@sethmagazinerri,https://www.facebook.com/SethMagazinerRI/
Sen. Lindsey Graham,R,SC,@GrahamBlog,@lindseygrahamsc,https://www.facebook.com/USSenatorLindseyGraham/
Sen. Tim Scott,R,SC,@SenatorTimScott,@senatortimscott,https://www.facebook.com/SenatorTimScott
Rep. Nancy Mace,R,SC-1,@RepNancyMace,@repnancymace,https://www.facebook.com/RepNancyMace/
Rep. Joe Wilson,R,SC-2,@RepJoeWilson,@repjoewilson,https://www.facebook.com/JoeWilson
Rep. Jeff Duncan,R,SC-3,@RepJeffDuncan,@repjeffduncan,https://www.facebook.com/CongressmanDuncan
Rep. William Timmons,R,SC-4,@reptimmons,@reptimmons,https://www.facebook.com/RepTimmons/
Rep. Ralph Norman,R,SC-5,@RepRalphNorman,@repralphnorman,https://www.facebook.com/RepRalphNorman/
Rep. James Clyburn,D,SC-6,@Clyburn,@clyburnsc06,https://www.facebook.com/jameseclyburn
Rep. Russell Fry,R,SC-7,@RepRussellFry,@reprussellfry,https://www.facebook.com/reprussellfry
Sen. Mike Rounds,R,SD,@SenatorRounds,@senatorrounds,https://www.facebook.com/SenatorMikeRounds
Sen. John Thune,R,SD,@SenJohnThune,@senjohnthune,https://www.facebook.com/johnthune/
Rep. Dusty Johnson,R,SD-0,@RepDustyJohnson,@repdustyjohnson,https://www.facebook.com/RepDustyJohnson/
Member of Congress,Party,State,Twitter Handle,Instagram,Facebook Address
Sen. Bill Hagerty,R,TN,@SenatorHagerty,@senatorhagerty,https://www.facebook.com/SenatorBillHagerty/
Sen. Marsha Blackburn,R,TN,@MarshaBlackburn,@marshablackburn,https://www.facebook.com/marshablackburn/
Rep. Diana Harshbarger,R,TN-1,@RepHarshbarger,@repharshbarger,https://www.facebook.com/RepDianaHarshbarger/
Rep. Tim Burchett,R,TN-2,@RepTimBurchett,@reptimburchett,https://www.facebook.com/RepTimBurchett/
Rep. Chuck Fleischmann,R,TN-3,@RepChuck,@repchuck,https://www.facebook.com/repchuck
Rep. Scott DesJarlais,R,TN-4,@DesJarlaisTN04,@desjarlaistn04,https://www.facebook.com/ScottDesJarlaisTN04
Rep. Andrew Ogles,R,TN-5,@RepOgles,@andrew.ogles,
Rep. John Rose,R,TN-6,@RepJohnRose,@repjohnrose,https://www.facebook.com/repjohnrose
Rep. Mark Green,R,TN-7,@RepMarkGreen,@repmarkgreen,https://www.facebook.com/RepMarkGreenTN/
Rep. David Kustoff,R,TN-8,@repdavidkustoff,@repdavidkustoff,http://www.facebook.com/RepDavidKustoff/
Rep. Steve Cohen,D,TN-9,@RepCohen,@stevencohenny,https://www.facebook.com/CongressmanSteveCohen?ref=ts
Sen. John Cornyn,R,TX,@JohnCornyn,@johncornyn,https://www.facebook.com/SenJohnCornyn/
Sen. Ted Cruz,R,TX,@SenTedCruz,@sentedcruz,https://www.facebook.com/SenatorTedCruz
Rep. Nathaniel Moran,R,TX-1,@RepNateMoran,@repnatemoran,https://www.facebook.com/RepNateMoran/
Rep. Dan Crenshaw,R,TX-2,@RepDanCrenshaw,@dancrenshawtx,https://www.facebook.com/RepDanCrenshaw/
Rep. Keith Self,R,TX-3,not yet set up,,
Rep. Pat Fallon,R,TX-4,@RepPatFallon,@reppatfallon,https://www.facebook.com/RepPatFallon/?ref=page_internal
Rep. Lance Gooden,R,TX-5,@RepLanceGooden,@lancegooden,https://www.facebook.com/RepGooden
Rep. Jake Ellzey,R,TX-6,@repellzey,@commanderellzey,https://www.facebook.com/RepJakeEllzey/
Rep. Lizzie Fletcher,D,TX-7,@RepFletcher,@repfletcher,https://www.facebook.com/RepFletcher/
Rep. Morgan Luttrell,R,TX-8,@MLuttrellTX,@repluttrelltx,https://www.facebook.com/MLuttrellTX/
Rep. Al Green,D,TX-9,@RepAlGreen,@repalgreen,https://www.facebook.com/repalgreen
Rep. Michael McCaul,R,TX-10,@RepMcCaul,@congressman_mccaul,https://www.facebook.com/michaeltmccaul
Rep. August Pfluger,R,TX-11,@RepPfluger,@augustpflugertx,https://www.facebook.com/RepAugustPfluger/
Rep. Kay Granger,R,TX-12,@RepKayGranger,@repkaygranger,https://www.facebook.com/RepKayGranger
Rep. Ronny Jackson,R,TX-13,@RepRonnyJackson,@repronnyjackson,https://www.facebook.com/RepRonnyJackson/
Rep. Randy Weber,R,TX-14,@TXRandy14,@txrandy14,https://www.facebook.com/TXRandy14
Rep. Monica De La Cruz,R,TX-15,@RepMonicaDLC,@repmonicadlc,https://www.facebook.com/RepMonicaDLC
Rep. Veronica Escobar,D,TX-16,@repescobar,@veronicaescobartx,https://www.facebook.com/RepEscobar/
Member of Congress,Party,State,Twitter Handle,Instagram,Facebook Address
Rep. Pete Sessions,R,TX-17,@PeteSessions,@congressmanpetesessions,
Rep. Sheila Jackson Lee,D,TX-18,@JacksonLeeTX18,@sheilajacksonlee,https://www.facebook.com/CongresswomanSheilaJacksonLee
Rep. Jodey Arrington,R,TX-19,@RepArrington,@repjodeyarrington,http://www.facebook.com/JodeyArrington
Rep. Joaquin Castro,D,TX-20,@JoaquinCastrotx,@joaquincastrotx,https://www.facebook.com/JoaquinCastroTX
Rep. Chip Roy,R,TX-21,@RepChipRoy,repchiproy,https://www.facebook.com/RepChipRoyPress/
Rep. Troy Nehls,R,TX-22,@RepTroyNehls,@troynehlstx,https://www.facebook.com/RepTroyNehls/
Rep. Tony Gonzales,R,TX-23,@RepTonyGonzales,@reptonygonzales,http://www.facebook.com/HouseRepublicans
Rep. Beth Van Duyne,R,TX-24,@RepBethVanDuyne,@bethvanduynetx,https://www.facebook.com/RepBethVanDuyne/
Rep. Roger Williams,R,TX-25,@RepRWilliams,@reprwilliams,https://www.facebook.com/RepRogerWilliams
Rep. Michael Burgess,R,TX-26,@MichaelCBurgess,@repmichaelburgess,https://www.facebook.com/michaelcburgess
Rep. Michael Cloud,R,TX-27,@RepCloudTX,@michaeljcloud,https://www.facebook.com/RepCloudTX/
Rep. Henry Cuellar,D,TX-28,@RepCuellar,@repcuellar,https://www.facebook.com/repcuellar/
Rep. Sylvia Garcia,D,TX-29,@RepSylviaGarcia,@repsylviagarcia,https://www.facebook.com/RepSylviaGarcia
Rep. Jasmine Crockett,D,TX-30,@RepJasmine,@repjasmine,https://www.facebook.com/RepJasmine
Rep. John Carter,R,TX-31,@JudgeCarter,@repcarter,https://www.facebook.com/judgecarter
Rep. Colin Allred,D,TX-32,@RepColinAllred,@repcolinallred,https://www.facebook.com/RepColinAllred/
Rep. Marc Veasey,D,TX-33,@RepVeasey,@repveasey,https://www.facebook.com/CongressmanMarcVeasey
Rep. Vicente Gonzalez,D,TX-34,@RepGonzalez,@repvicentegonalez,https://www.facebook.com/RepVicenteGonzalez/
Rep. Greg Casar,D,TX-35,@RepCasar,@gregcasar,https://www.facebook.com/GregCasar/
Rep. Brian Babin,R,TX-36,@RepBrianBabin,@rep.brianbabin,https://www.facebook.com/RepBrianBabin
Rep. Lloyd Doggett,D,TX-37,@RepLloydDoggett,@replloyddoggett,https://www.facebook.com/RepLloydDoggett/
Rep. Wesley Hunt,R,TX-38,@RepWesleyHunt,,https://www.facebook.com/RepWesleyHunt/
Sen. Mitt Romney,R,UT,@SenatorRomney,@senatorromney,https://www.facebook.com/senatorromney/
Sen. Mike Lee,R,UT,@SenMikeLee,@senmikelee,https://www.facebook.com/senatormikelee
Rep. Blake Moore,R,UT-1,@RepBlakeMoore,@repblakemoore,https://www.facebook.com/RepBlakeMoore/
Rep. Chris Stewart,R,UT-2,@RepChrisStewart,@repChrisStewart,https://www.facebook.com/RepChrisStewart
Rep. John Curtis,R,UT-3,@RepJohnCurtis,@repjohncurtis,https://www.facebook.com/RepJohnCurtis/
Rep. Burgess Owens,R,UT-4,@RepBurgessOwens,@burgessowens,https://www.facebook.com/CongressmanBurgessOwens/
Sen. Peter Welch,D,VT,@PeterWelch,@senpeterwelch,https://www.facebook.com/PeterWelch/
Member of Congress,Party,State,Twitter Handle,Instagram,Facebook Address
Sen. Bernard Sanders,I,VT,@SenSanders,@berniesanders,https://www.facebook.com/senatorsanders
Rep. Becca Balint,D,VT-0,@BeccaBalintVT,@repbeccab,https://www.facebook.com/beccabalintvt/
Sen. Tim Kaine,D,VA,@timkaine,@timkaine,https://www.facebook.com/SenatorKaine
Sen. Mark Warner,D,VA,@MarkWarner,@senatorwarner,https://www.facebook.com/MarkRWarner
Rep. Robert Wittman,R,VA-1,@RobWittman,@reprobwittman,https://www.facebook.com/RepRobWittman
Rep. Jennifer Kiggans,R,VA-2,@JenKiggans,@repjenkiggans,https://www.facebook.com/Jen4VA/
"Rep. Robert ""Bobby"" Scott",D,VA-3,@RepBobbyScott,@repbobbyscott,https://www.facebook.com/CongressmanBobbyScott
Vacancy,,VA-4,,,
Rep. Bob Good,R,VA-5,@RepBobGood,,https://www.facebook.com/RepBobGood
Rep. Ben Cline,R,VA-6,@RepBenCline,@repbencline,https://www.facebook.com/RepBenCline
Rep. Abigail Spanberger,D,VA-7,@RepSpanberger,@repspanberger,https://www.facebook.com/RepAbigailSpanberger
Rep. Donald Beyer,D,VA-8,@repdonbeyer,@repdonbeyer,https://www.facebook.com/RepDonBeyer
Rep. Morgan Griffith,R,VA-9,@RepMGriffith,@hmorgangriffith,https://www.facebook.com/RepMorganGriffith
Rep. Jennifer Wexton,D,VA-10,@RepWexton,@repwexton,https://www.facebook.com/CongresswomanWexton
Rep. Gerald Connolly,D,VA-11,@GerryConnolly,@repgerryconnolly,https://www.facebook.com/CongressmanGerryConnolly
Sen. Maria Cantwell,D,WA,@SenatorCantwell,@senatormariacantwell,https://www.facebook.com/senatorcantwell/
Sen. Patty Murray,D,WA,@PattyMurray,@senpattymurray,https://www.facebook.com/pattymurray
Rep. Suzan DelBene,D,WA-1,@RepDelBene,@repdelbene,https://www.facebook.com/RepDelBene
"Rep. Rick Larsen
Rep. Marie Gluesenkamp Perez","D
D","WA-2
WA-3","@RepRickLarsen
@RepMGP","@repricklarsen
@RepMGP",https://www.facebook.com/RepRickLarsen
Rep. Dan Newhouse,R,WA-4,@RepNewhouse,@repnewhouse,https://www.facebook.com/RepNewhouse
"Rep. Cathy McMorris
Rodgers",R,WA-5,@CathyMcMorris,@cathymcmorris,https://www.facebook.com/mcmorrisrodgers
Rep. Derek Kilmer,D,WA-6,@RepDerekKilmer,@repderekkilmer,https://www.facebook.com/derek.kilmer
Rep. Pramila Jayapal,D,WA-7,@RepJayapal,@repjayapal,http://www.facebook.com/RepJayapal/
Rep. Kim Schrier,D,WA-8,@RepKimSchrier,@repkimschrier,https://www.facebook.com/RepKimSchrier/
Rep. Adam Smith,D,WA-9,@RepAdamSmith,@repadamsmith,https://www.facebook.com/RepAdamSmith
Rep. Marilyn Strickland,D,WA-10,@RepStricklandWA,@repstricklandwa,https://www.facebook.com/RepStricklandWA/
Sen. Tammy Baldwin,D,WI,@SenatorBaldwin,@senatorbaldwin,https://www.facebook.com/senatortammybaldwin
Member of Congress,Party,State,Twitter Handle,Instagram,Facebook Address
Sen. Ron Johnson,R,WI,@SenRonJohnson,@senronjohnson,https://www.facebook.com/senronjohnson/
Rep. Bryan Steil,R,WI-1,@RepBryanSteil,@repbryansteil,https://www.facebook.com/RepBryanSteil/
Rep. Mark Pocan,D,WI-2,@RepMarkPocan,@repmarkpocan,https://www.facebook.com/repmarkpocan
Rep. Derrick Van Orden,R,WI-3,@derrickvanorden,@derrickvanorden,https://www.facebook.com/derrickvanorden/
Rep. Gwen Moore,D,WI-4,@RepGwenMoore,@repgwenmoore,https://www.facebook.com/GwenSMoore
Rep. Scott Fitzgerald,R,WI-5,@RepFitzgerald,,https://www.facebook.com/CongressmanScottFitzgerald/
Rep. Glenn Grothman,R,WI-6,@RepGrothman,@repglenngrothman,https://www.facebook.com/RepGrothman
Rep. Thomas Tiffany,R,WI-7,@RepTiffany,@reptiffany,http://www.facebook.com/RepTiffany/
Rep. Mike Gallagher,R,WI-8,@RepGallagher,@repgallagher,http://www.facebook.com/RepMikeGallagher/
Sen. Shelley Capito,R,WV,@SenCapito,@sencapito,https://www.facebook.com/senshelley
Sen. Joe Manchin,D,WV,@Sen_JoeManchin,@joemanchin,https://www.facebook.com/JoeManchinIII
Rep. Carol Miller,R,WV-1,@repcarolmiller,@repcarolmiller,https://www.facebook.com/RepCarolMiller
Rep. Alex Mooney,R,WV-2,@RepAlexMooney,@repalexmooney,https://www.facebook.com/CongressmanAlexMooney
Sen. John Barrasso,R,WY,@SenJohnBarrasso,@senjohnbarrasso,https://www.facebook.com/johnbarrasso
Sen. Cynthia Lummis,R,WY,@SenLummis,@sencynthialummis,https://www.facebook.com/sencynthialummis/
Rep. Harriet Hageman,R,WY-0,@RepHageman,@rephageman,https://www.facebook.com/harriethageman/