candidate,week,count
Alexandria Ocasio-Cortez,2024-12-30,667
Alexandria Ocasio-Cortez,2025-01-06,1325
Alexandria Ocasio-Cortez,2025-01-13,1888
Alexandria Ocasio-Cortez,2025-01-20,3230
Alexandria Ocasio-Cortez,2025-01-27,3471
Alexandria Ocasio-Cortez,2025-02-03,4111
Alexandria Ocasio-Cortez,2025-02-10,2540
Alexandria Ocasio-Cortez,2025-02-17,2931
Alexandria Ocasio-Cortez,2025-02-24,3438
Alexandria Ocasio-Cortez,2025-03-03,2476
Alexandria Ocasio-Cortez,2025-03-10,2747
Alexandria Ocasio-Cortez,2025-03-17,4588
Alexandria Ocasio-Cortez,2025-03-24,4881
Alexandria Ocasio-Cortez,2025-03-31,5154
Alexandria Ocasio-Cortez,2025-04-07,5506
Alexandria Ocasio-Cortez,2025-04-14,6956
Alexandria Ocasio-Cortez,2025-04-21,6112
Alexandria Ocasio-Cortez,2025-04-28,5538
Alexandria Ocasio-Cortez,2025-05-05,4139
Alexandria Ocasio-Cortez,2025-05-12,3983
Alexandria Ocasio-Cortez,2025-05-19,4692
Alexandria Ocasio-Cortez,2025-05-26,4966
Alexandria Ocasio-Cortez,2025-06-02,4366
Alexandria Ocasio-Cortez,2025-06-09,4597
Alexandria Ocasio-Cortez,2025-06-16,4202
Alexandria Ocasio-Cortez,2025-06-23,5132
Alexandria Ocasio-Cortez,2025-06-30,7469
Alexandria Ocasio-Cortez,2025-07-07,6697
Alexandria Ocasio-Cortez,2025-07-14,7268
Alexandria Ocasio-Cortez,2025-07-21,7968
Alexandria Ocasio-Cortez,2025-07-28,6966
Alexandria Ocasio-Cortez,2025-08-04,5952
Alexandria Ocasio-Cortez,2025-08-11,6646
Alexandria Ocasio-Cortez,2025-08-18,7234
Alexandria Ocasio-Cortez,2025-08-25,7623
Alexandria Ocasio-Cortez,2025-09-01,5827
Alexandria Ocasio-Cortez,2025-09-08,5595
Alexandria Ocasio-Cortez,2025-09-15,6806
Alexandria Ocasio-Cortez,2025-09-22,7746
Alexandria Ocasio-Cortez,2025-09-29,3609
Bernie Sanders,2014-12-29,21
Bernie Sanders,2015-01-05,25
Bernie Sanders,2015-01-12,13
Bernie Sanders,2015-01-19,18
Bernie Sanders,2015-01-26,26
Bernie Sanders,2015-02-02,34
Bernie Sanders,2015-02-09,37
Bernie Sanders,2015-02-16,13
Bernie Sanders,2015-02-23,21
Bernie Sanders,2015-03-02,25
Bernie Sanders,2015-03-09,14
Bernie Sanders,2015-03-16,15
Bernie Sanders,2015-03-23,83
Bernie Sanders,2015-03-30,66
Bernie Sanders,2015-04-06,48
Bernie Sanders,2015-04-13,31
Bernie Sanders,2015-04-20,26
Bernie Sanders,2015-04-27,104
Bernie Sanders,2015-05-04,248
Bernie Sanders,2015-05-11,224
Bernie Sanders,2015-05-18,62
Bernie Sanders,2015-05-25,47
Bernie Sanders,2015-06-01,66
Bernie Sanders,2015-06-08,32
Bernie Sanders,2015-06-15,12
Bernie Sanders,2015-06-22,23
Bernie Sanders,2015-06-29,26
Bernie Sanders,2015-07-13,3
Bernie Sanders,2015-09-28,3
Bernie Sanders,2015-10-05,1
Bernie Sanders,2015-10-26,1
Bernie Sanders,2015-11-09,1
Bernie Sanders,2015-11-23,1
Bernie Sanders,2015-12-07,1
Bernie Sanders,2016-01-04,1
Bernie Sanders,2016-01-25,1
Bernie Sanders,2016-02-08,1
Bernie Sanders,2016-02-29,1
Bernie Sanders,2016-03-07,1
Bernie Sanders,2016-03-28,3
Bernie Sanders,2016-04-25,2
Bernie Sanders,2016-05-23,1
Bernie Sanders,2016-05-30,1
Bernie Sanders,2016-06-27,2
Bernie Sanders,2016-07-25,4
Bernie Sanders,2016-08-08,6
Bernie Sanders,2016-08-22,2
Bernie Sanders,2016-08-29,2
Bernie Sanders,2016-09-26,4
Bernie Sanders,2016-10-03,4
Bernie Sanders,2016-10-10,6
Bernie Sanders,2016-10-17,21
Bernie Sanders,2016-10-24,67
Bernie Sanders,2016-10-31,75
Bernie Sanders,2016-11-07,2622
Bernie Sanders,2016-11-14,480
Bernie Sanders,2016-11-21,108
Bernie Sanders,2016-11-28,71
Bernie Sanders,2016-12-05,200
Bernie Sanders,2016-12-12,172
Bernie Sanders,2016-12-19,78
Bernie Sanders,2016-12-26,152
Bernie Sanders,2017-01-02,42
Bernie Sanders,2017-01-09,30
Bernie Sanders,2017-01-16,19
Bernie Sanders,2017-01-23,11
Bernie Sanders,2017-01-30,13
Bernie Sanders,2017-02-06,14
Bernie Sanders,2017-02-13,18
Bernie Sanders,2017-02-20,10
Bernie Sanders,2017-02-27,9
Bernie Sanders,2017-03-06,16
Bernie Sanders,2017-03-13,18
Bernie Sanders,2017-03-20,14
Bernie Sanders,2017-03-27,10
Bernie Sanders,2017-04-03,274
Bernie Sanders,2017-04-10,682
Bernie Sanders,2017-04-17,246
Bernie Sanders,2017-04-24,33
Bernie Sanders,2017-05-01,25
Bernie Sanders,2017-05-08,36
Bernie Sanders,2017-05-15,47
Bernie Sanders,2017-05-22,21
Bernie Sanders,2017-05-29,10
Bernie Sanders,2017-06-05,25
Bernie Sanders,2017-06-12,53
Bernie Sanders,2017-06-19,521
Bernie Sanders,2017-06-26,66
Bernie Sanders,2017-07-03,712
Bernie Sanders,2017-07-10,141
Bernie Sanders,2017-07-17,54
Bernie Sanders,2017-07-24,39
Bernie Sanders,2017-07-31,458
Bernie Sanders,2017-08-07,666
Bernie Sanders,2017-08-14,217
Bernie Sanders,2017-08-21,270
Bernie Sanders,2017-08-28,697
Bernie Sanders,2017-09-04,106
Bernie Sanders,2017-09-11,660
Bernie Sanders,2017-09-18,71
Bernie Sanders,2017-09-25,64
Bernie Sanders,2017-10-02,48
Bernie Sanders,2017-10-09,119
Bernie Sanders,2017-10-16,52
Bernie Sanders,2017-10-23,58
Bernie Sanders,2017-10-30,35
Bernie Sanders,2017-11-06,497
Bernie Sanders,2017-11-13,64
Bernie Sanders,2017-11-20,63
Bernie Sanders,2017-11-27,773
Bernie Sanders,2017-12-04,567
Bernie Sanders,2017-12-11,95
Bernie Sanders,2017-12-18,324
Bernie Sanders,2017-12-25,109
Bernie Sanders,2018-01-01,748
Bernie Sanders,2018-01-08,230
Bernie Sanders,2018-01-15,158
Bernie Sanders,2018-01-22,785
Bernie Sanders,2018-01-29,609
Bernie Sanders,2018-02-05,557
Bernie Sanders,2018-02-12,467
Bernie Sanders,2018-02-19,526
Bernie Sanders,2018-02-26,1624
Bernie Sanders,2018-03-05,291
Bernie Sanders,2018-03-12,859
Bernie Sanders,2018-03-19,795
Bernie Sanders,2018-03-26,1824
Bernie Sanders,2018-04-02,298
Bernie Sanders,2018-04-09,576
Bernie Sanders,2018-04-16,861
Bernie Sanders,2018-04-23,812
Bernie Sanders,2018-04-30,908
Bernie Sanders,2018-05-07,562
Bernie Sanders,2018-05-14,698
Bernie Sanders,2018-05-21,1590
Bernie Sanders,2018-05-28,1115
Bernie Sanders,2018-06-04,405
Bernie Sanders,2018-06-11,113
Bernie Sanders,2018-06-18,578
Bernie Sanders,2018-06-25,1757
Bernie Sanders,2018-07-02,1004
Bernie Sanders,2018-07-09,519
Bernie Sanders,2018-07-16,1353
Bernie Sanders,2018-07-23,2572
Bernie Sanders,2018-07-30,1842
Bernie Sanders,2018-08-06,459
Bernie Sanders,2018-08-13,1010
Bernie Sanders,2018-08-20,793
Bernie Sanders,2018-08-27,3074
Bernie Sanders,2018-09-03,1179
Bernie Sanders,2018-09-10,494
Bernie Sanders,2018-09-17,1749
Bernie Sanders,2018-09-24,3689
Bernie Sanders,2018-10-01,1250
Bernie Sanders,2018-10-08,1996
Bernie Sanders,2018-10-15,1330
Bernie Sanders,2018-10-22,2418
Bernie Sanders,2018-10-29,3737
Bernie Sanders,2018-11-05,464
Bernie Sanders,2018-11-12,17
Bernie Sanders,2018-11-19,9
Bernie Sanders,2018-11-26,1007
Bernie Sanders,2018-12-03,246
Bernie Sanders,2018-12-10,1178
Bernie Sanders,2018-12-17,1037
Bernie Sanders,2018-12-24,4706
Bernie Sanders,2018-12-31,355
Bernie Sanders,2019-01-07,77
Bernie Sanders,2019-01-14,45
Bernie Sanders,2019-01-21,95
Bernie Sanders,2019-01-28,280
Bernie Sanders,2019-02-04,220
Bernie Sanders,2019-02-11,219
Bernie Sanders,2019-02-18,135
Bernie Sanders,2019-02-25,263
Bernie Sanders,2019-03-04,98
Bernie Sanders,2019-03-11,108
Bernie Sanders,2019-03-18,144
Bernie Sanders,2019-03-25,313
Bernie Sanders,2019-04-01,53
Bernie Sanders,2019-04-08,1
Bernie Sanders,2019-04-29,3
Bernie Sanders,2019-06-03,1
Bernie Sanders,2019-06-17,1
Bernie Sanders,2019-06-24,2
Bernie Sanders,2019-07-29,1
Bernie Sanders,2019-08-12,1
Bernie Sanders,2019-08-26,2
Bernie Sanders,2019-09-23,1
Bernie Sanders,2019-09-30,1
Bernie Sanders,2019-10-28,1
Bernie Sanders,2019-11-25,1
Bernie Sanders,2019-12-30,2
Bernie Sanders,2020-01-27,1
Bernie Sanders,2020-02-03,1
Bernie Sanders,2020-02-24,1
Bernie Sanders,2020-03-16,1
Bernie Sanders,2020-03-30,2
Bernie Sanders,2020-04-13,206
Bernie Sanders,2020-04-20,654
Bernie Sanders,2020-04-27,515
Bernie Sanders,2020-05-04,693
Bernie Sanders,2020-05-11,428
Bernie Sanders,2020-05-18,590
Bernie Sanders,2020-05-25,385
Bernie Sanders,2020-06-01,800
Bernie Sanders,2020-06-08,593
Bernie Sanders,2020-06-15,793
Bernie Sanders,2020-06-22,586
Bernie Sanders,2020-06-29,3261
Bernie Sanders,2020-07-06,1500
Bernie Sanders,2020-07-13,1984
Bernie Sanders,2020-07-20,2553
Bernie Sanders,2020-07-27,1920
Bernie Sanders,2020-08-03,3176
Bernie Sanders,2020-08-10,2882
Bernie Sanders,2020-08-17,1924
Bernie Sanders,2020-08-24,2091
Bernie Sanders,2020-08-31,3004
Bernie Sanders,2020-09-07,1863
Bernie Sanders,2020-09-14,2912
Bernie Sanders,2020-09-21,3019
Bernie Sanders,2020-09-28,2735
Bernie Sanders,2020-10-05,9184
Bernie Sanders,2020-10-12,4340
Bernie Sanders,2020-10-19,5502
Bernie Sanders,2020-10-26,4970
Bernie Sanders,2020-11-02,4254
Bernie Sanders,2020-11-09,2837
Bernie Sanders,2020-11-16,2592
Bernie Sanders,2020-11-23,2215
Bernie Sanders,2020-11-30,5848
Bernie Sanders,2020-12-07,1454
Bernie Sanders,2020-12-14,1589
Bernie Sanders,2020-12-21,1493
Bernie Sanders,2020-12-28,2891
Bernie Sanders,2021-01-04,5904
Bernie Sanders,2021-01-11,3424
Bernie Sanders,2021-01-18,5653
Bernie Sanders,2021-01-25,2559
Bernie Sanders,2021-02-01,5989
Bernie Sanders,2021-02-08,1685
Bernie Sanders,2021-02-15,3754
Bernie Sanders,2021-02-22,2900
Bernie Sanders,2021-03-01,6209
Bernie Sanders,2021-03-08,1479
Bernie Sanders,2021-03-15,1879
Bernie Sanders,2021-03-22,2988
Bernie Sanders,2021-03-29,2542
Bernie Sanders,2021-04-05,4272
Bernie Sanders,2021-04-12,2495
Bernie Sanders,2021-04-19,1946
Bernie Sanders,2021-04-26,2782
Bernie Sanders,2021-05-03,4854
Bernie Sanders,2021-05-10,2419
Bernie Sanders,2021-05-17,2132
Bernie Sanders,2021-05-24,2058
Bernie Sanders,2021-05-31,4735
Bernie Sanders,2021-06-07,2211
Bernie Sanders,2021-06-14,2406
Bernie Sanders,2021-06-21,3980
Bernie Sanders,2021-06-28,2930
Bernie Sanders,2021-07-05,5376
Bernie Sanders,2021-07-12,3714
Bernie Sanders,2021-07-19,2568
Bernie Sanders,2021-07-26,2542
Bernie Sanders,2021-08-02,5371
Bernie Sanders,2021-08-09,1904
Bernie Sanders,2021-08-16,4342
Bernie Sanders,2021-08-23,2201
Bernie Sanders,2021-08-30,6453
Bernie Sanders,2021-09-06,1853
Bernie Sanders,2021-09-13,2931
Bernie Sanders,2021-09-20,3375
Bernie Sanders,2021-09-27,4675
Bernie Sanders,2021-10-04,5029
Bernie Sanders,2021-10-11,2913
Bernie Sanders,2021-10-18,2840
Bernie Sanders,2021-10-25,4853
Bernie Sanders,2021-11-01,5458
Bernie Sanders,2021-11-08,2289
Bernie Sanders,2021-11-15,3690
Bernie Sanders,2021-11-22,2775
Bernie Sanders,2021-11-29,8011
Bernie Sanders,2021-12-06,1829
Bernie Sanders,2021-12-13,3421
Bernie Sanders,2021-12-20,4212
Bernie Sanders,2021-12-27,4539
Bernie Sanders,2022-01-03,6385
Bernie Sanders,2022-01-10,2139
Bernie Sanders,2022-01-17,4323
Bernie Sanders,2022-01-24,3840
Bernie Sanders,2022-01-31,6215
Bernie Sanders,2022-02-07,1765
Bernie Sanders,2022-02-14,2287
Bernie Sanders,2022-02-21,2559
Bernie Sanders,2022-02-28,6406
Bernie Sanders,2022-03-07,1315
Bernie Sanders,2022-03-14,1993
Bernie Sanders,2022-03-21,2806
Bernie Sanders,2022-03-28,5635
Bernie Sanders,2022-04-04,6267
Bernie Sanders,2022-04-11,1830
Bernie Sanders,2022-04-18,3193
Bernie Sanders,2022-04-25,4649
Bernie Sanders,2022-05-02,6231
Bernie Sanders,2022-05-09,2672
Bernie Sanders,2022-05-16,5149
Bernie Sanders,2022-05-23,2316
Bernie Sanders,2022-05-30,6510
Bernie Sanders,2022-06-06,2153
Bernie Sanders,2022-06-13,3043
Bernie Sanders,2022-06-20,2340
Bernie Sanders,2022-06-27,5636
Bernie Sanders,2022-07-04,5329
Bernie Sanders,2022-07-11,3209
Bernie Sanders,2022-07-18,2472
Bernie Sanders,2022-07-25,2705
Bernie Sanders,2022-08-01,6753
Bernie Sanders,2022-08-08,4244
Bernie Sanders,2022-08-15,2661
Bernie Sanders,2022-08-22,3528
Bernie Sanders,2022-08-29,2437
Bernie Sanders,2022-09-05,7285
Bernie Sanders,2022-09-12,4179
Bernie Sanders,2022-09-19,2617
Bernie Sanders,2022-09-26,3960
Bernie Sanders,2022-10-03,5614
Bernie Sanders,2022-10-10,3598
Bernie Sanders,2022-10-17,2847
Bernie Sanders,2022-10-24,2952
Bernie Sanders,2022-10-31,7350
Bernie Sanders,2022-11-07,2266
Bernie Sanders,2022-11-14,2169
Bernie Sanders,2022-11-21,2306
Bernie Sanders,2022-11-28,3021
Bernie Sanders,2022-12-05,5947
Bernie Sanders,2022-12-12,2643
Bernie Sanders,2022-12-19,2420
Bernie Sanders,2022-12-26,2936
Bernie Sanders,2023-01-02,6637
Bernie Sanders,2023-01-09,2957
Bernie Sanders,2023-01-16,2659
Bernie Sanders,2023-01-23,3320
Bernie Sanders,2023-01-30,9129
Bernie Sanders,2023-02-06,1941
Bernie Sanders,2023-02-13,3005
Bernie Sanders,2023-02-20,2531
Bernie Sanders,2023-02-27,8038
Bernie Sanders,2023-03-06,1695
Bernie Sanders,2023-03-13,4116
Bernie Sanders,2023-03-20,2727
Bernie Sanders,2023-03-27,2931
Bernie Sanders,2023-04-03,6385
Bernie Sanders,2023-04-10,2194
Bernie Sanders,2023-04-17,2712
Bernie Sanders,2023-04-24,3219
Bernie Sanders,2023-05-01,6414
Bernie Sanders,2023-05-08,1844
Bernie Sanders,2023-05-15,5659
Bernie Sanders,2023-05-22,3256
Bernie Sanders,2023-05-29,3184
Bernie Sanders,2023-06-05,5812
Bernie Sanders,2023-06-12,3090
Bernie Sanders,2023-06-19,2728
Bernie Sanders,2023-06-26,2954
Bernie Sanders,2023-07-03,3028
Bernie Sanders,2023-07-10,1168
Bernie Sanders,2023-07-17,1314
Bernie Sanders,2023-07-24,1586
Bernie Sanders,2023-07-31,3128
Bernie Sanders,2023-08-07,1075
Bernie Sanders,2023-08-14,1329
Bernie Sanders,2023-08-21,1371
Bernie Sanders,2023-08-28,1452
Bernie Sanders,2023-09-04,3029
Bernie Sanders,2023-09-11,1127
Bernie Sanders,2023-09-18,1314
Bernie Sanders,2023-09-25,1927
Bernie Sanders,2023-10-02,5972
Bernie Sanders,2023-10-09,2261
Bernie Sanders,2023-10-16,2738
Bernie Sanders,2023-10-23,2394
Bernie Sanders,2023-10-30,6649
Bernie Sanders,2023-11-06,1683
Bernie Sanders,2023-11-13,2241
Bernie Sanders,2023-11-20,2448
Bernie Sanders,2023-11-27,3912
Bernie Sanders,2023-12-04,6026
Bernie Sanders,2023-12-11,2207
Bernie Sanders,2023-12-18,2502
Bernie Sanders,2023-12-25,3448
Bernie Sanders,2024-01-01,5836
Bernie Sanders,2024-01-08,2097
Bernie Sanders,2024-01-15,3681
Bernie Sanders,2024-01-22,2044
Bernie Sanders,2024-01-29,3281
Bernie Sanders,2024-02-05,6047
Bernie Sanders,2024-02-12,2662
Bernie Sanders,2024-02-19,2489
Bernie Sanders,2024-02-26,3935
Bernie Sanders,2024-03-04,6491
Bernie Sanders,2024-03-11,3127
Bernie Sanders,2024-03-18,2567
Bernie Sanders,2024-03-25,3762
Bernie Sanders,2024-04-01,6175
Bernie Sanders,2024-04-08,1929
Bernie Sanders,2024-04-15,3299
Bernie Sanders,2024-04-22,2908
Bernie Sanders,2024-04-29,6749
Bernie Sanders,2024-05-06,5318
Bernie Sanders,2024-05-13,3111
Bernie Sanders,2024-05-20,3017
Bernie Sanders,2024-05-27,3476
Bernie Sanders,2024-06-03,5428
Bernie Sanders,2024-06-10,2230
Bernie Sanders,2024-06-17,3503
Bernie Sanders,2024-06-24,3526
Bernie Sanders,2024-07-01,7333
Bernie Sanders,2024-07-08,2658
Bernie Sanders,2024-07-15,4073
Bernie Sanders,2024-07-22,3036
Bernie Sanders,2024-07-29,2659
Bernie Sanders,2024-08-05,5705
Bernie Sanders,2024-08-12,3121
Bernie Sanders,2024-08-19,2770
Bernie Sanders,2024-08-26,3227
Bernie Sanders,2024-09-02,6032
Bernie Sanders,2024-09-09,2567
Bernie Sanders,2024-09-16,3122
Bernie Sanders,2024-09-23,2678
Bernie Sanders,2024-09-30,6265
Bernie Sanders,2024-10-07,2644
Bernie Sanders,2024-10-14,2820
Bernie Sanders,2024-10-21,3425
Bernie Sanders,2024-10-28,2851
Bernie Sanders,2024-11-04,4251
Bernie Sanders,2024-11-11,54
Bernie Sanders,2024-11-18,61
Bernie Sanders,2024-11-25,53
Bernie Sanders,2024-12-02,48
Bernie Sanders,2024-12-09,21
Bernie Sanders,2024-12-16,9
Bernie Sanders,2024-12-23,72
Bernie Sanders,2024-12-30,89
Bernie Sanders,2025-01-06,58
Bernie Sanders,2025-01-13,145
Bernie Sanders,2025-01-20,309
Bernie Sanders,2025-01-27,278
Bernie Sanders,2025-02-03,255
Bernie Sanders,2025-02-10,598
Bernie Sanders,2025-02-17,1523
Bernie Sanders,2025-02-24,1582
Bernie Sanders,2025-03-03,1454
Bernie Sanders,2025-03-10,1440
Bernie Sanders,2025-03-17,2398
Bernie Sanders,2025-03-24,2572
Bernie Sanders,2025-03-31,1801
Bernie Sanders,2025-04-07,1879
Bernie Sanders,2025-04-14,2050
Bernie Sanders,2025-04-21,1508
Bernie Sanders,2025-04-28,1737
Bernie Sanders,2025-05-05,1032
Bernie Sanders,2025-05-12,736
Bernie Sanders,2025-05-19,2236
Bernie Sanders,2025-05-26,1055
Bernie Sanders,2025-06-02,1916
Bernie Sanders,2025-06-09,1189
Bernie Sanders,2025-06-16,2476
Bernie Sanders,2025-06-23,2436
Bernie Sanders,2025-06-30,2842
Bernie Sanders,2025-07-07,2294
Bernie Sanders,2025-07-14,1477
Bernie Sanders,2025-07-21,3582
Bernie Sanders,2025-07-28,2871
Bernie Sanders,2025-08-04,3403
Bernie Sanders,2025-08-11,2631
Bernie Sanders,2025-08-18,2781
Bernie Sanders,2025-08-25,3570
Bernie Sanders,2025-09-01,2773
Bernie Sanders,2025-09-08,2954
Bernie Sanders,2025-09-15,2963
Bernie Sanders,2025-09-22,5449
Bernie Sanders,2025-09-29,4881
Bernie Sanders,2025-10-06,2205
Bernie Sanders,2025-10-13,3833
Bernie Sanders,2025-10-20,5737
Bernie Sanders,2025-10-27,3974
Bernie Sanders,2025-11-03,3586
Bernie Sanders,2025-11-10,2656
Bernie Sanders,2025-11-17,4312
Bernie Sanders,2025-11-24,5438
Bernie Sanders,2025-12-01,4955
Bernie Sanders,2025-12-08,2399
Bernie Sanders,2025-12-15,3239
Bernie Sanders,2025-12-22,6061
Bernie Sanders,2025-12-29,1464
Eli Crane,2021-07-19,81
Eli Crane,2021-07-26,74
Eli Crane,2021-08-02,23
Eli Crane,2021-08-09,11
Eli Crane,2021-08-16,35
Eli Crane,2021-08-23,39
Eli Crane,2021-08-30,34
Eli Crane,2021-09-06,34
Eli Crane,2021-09-13,42
Eli Crane,2021-09-20,67
Eli Crane,2021-09-27,74
Eli Crane,2021-10-04,54
Eli Crane,2021-10-11,90
Eli Crane,2021-10-18,58
Eli Crane,2021-10-25,98
Eli Crane,2021-11-01,49
Eli Crane,2021-11-08,85
Eli Crane,2021-11-15,72
Eli Crane,2021-11-22,67
Eli Crane,2021-11-29,76
Eli Crane,2021-12-06,48
Eli Crane,2021-12-13,53
Eli Crane,2021-12-20,62
Eli Crane,2021-12-27,62
Eli Crane,2022-01-03,106
Eli Crane,2022-01-10,168
Eli Crane,2022-01-17,126
Eli Crane,2022-01-24,251
Eli Crane,2022-01-31,348
Eli Crane,2022-02-07,244
Eli Crane,2022-02-14,219
Eli Crane,2022-02-21,233
Eli Crane,2022-02-28,149
Eli Crane,2022-03-07,228
Eli Crane,2022-03-14,173
Eli Crane,2022-03-21,154
Eli Crane,2022-03-28,153
Eli Crane,2022-04-04,296
Eli Crane,2022-04-11,244
Eli Crane,2022-04-18,190
Eli Crane,2022-04-25,265
Eli Crane,2022-05-02,203
Eli Crane,2022-05-09,363
Eli Crane,2022-05-16,258
Eli Crane,2022-05-23,233
Eli Crane,2022-05-30,260
Eli Crane,2022-06-06,282
Eli Crane,2022-06-13,242
Eli Crane,2022-06-20,252
Eli Crane,2022-06-27,212
Eli Crane,2022-07-04,258
Eli Crane,2022-07-11,294
Eli Crane,2022-07-18,291
Eli Crane,2022-07-25,364
Eli Crane,2022-08-01,264
Eli Crane,2022-08-08,453
Eli Crane,2022-08-15,397
Eli Crane,2022-08-22,465
Eli Crane,2022-08-29,415
Eli Crane,2022-09-05,419
Eli Crane,2022-09-12,437
Eli Crane,2022-09-19,406
Eli Crane,2022-09-26,785
Eli Crane,2022-10-03,596
Eli Crane,2022-10-10,368
Eli Crane,2022-10-17,577
Eli Crane,2022-10-24,539
Eli Crane,2022-10-31,507
Eli Crane,2022-11-07,114
Eli Crane,2022-11-14,1
Eli Crane,2022-11-21,1
Eli Crane,2022-11-28,28
Eli Crane,2022-12-05,19
Eli Crane,2022-12-12,59
Eli Crane,2022-12-19,50
Eli Crane,2022-12-26,158
Eli Crane,2023-01-02,67
Eli Crane,2023-01-09,77
Eli Crane,2023-01-16,112
Eli Crane,2023-01-23,106
Eli Crane,2023-01-30,111
Eli Crane,2023-02-06,164
Eli Crane,2023-02-13,211
Eli Crane,2023-02-20,190
Eli Crane,2023-02-27,185
Eli Crane,2023-03-06,113
Eli Crane,2023-03-13,111
Eli Crane,2023-03-20,147
Eli Crane,2023-03-27,235
Eli Crane,2023-04-03,187
Eli Crane,2023-04-10,248
Eli Crane,2023-04-17,221
Eli Crane,2023-04-24,285
Eli Crane,2023-05-01,281
Eli Crane,2023-05-08,348
Eli Crane,2023-05-15,281
Eli Crane,2023-05-22,347
Eli Crane,2023-05-29,356
Eli Crane,2023-06-05,368
Eli Crane,2023-06-12,379
Eli Crane,2023-06-19,517
Eli Crane,2023-06-26,629
Eli Crane,2023-07-03,567
Eli Crane,2023-07-10,847
Eli Crane,2023-07-17,525
Eli Crane,2023-07-24,639
Eli Crane,2023-07-31,519
Eli Crane,2023-08-07,526
Eli Crane,2023-08-14,827
Eli Crane,2023-08-21,1131
Eli Crane,2023-08-28,999
Eli Crane,2023-09-04,1057
Eli Crane,2023-09-11,1054
Eli Crane,2023-09-18,1041
Eli Crane,2023-09-25,1256
Eli Crane,2023-10-02,653
Eli Crane,2023-10-09,592
Eli Crane,2023-10-16,616
Eli Crane,2023-10-23,700
Eli Crane,2023-10-30,727
Eli Crane,2023-11-06,1491
Eli Crane,2023-11-13,1163
Eli Crane,2023-11-20,907
Eli Crane,2023-11-27,1209
Eli Crane,2023-12-04,1002
Eli Crane,2023-12-11,997
Eli Crane,2023-12-18,932
Eli Crane,2023-12-25,1008
Eli Crane,2024-01-01,1516
Eli Crane,2024-01-08,1604
Eli Crane,2024-01-15,1360
Eli Crane,2024-01-22,1544
Eli Crane,2024-01-29,1514
Eli Crane,2024-02-05,980
Eli Crane,2024-02-12,1063
Eli Crane,2024-02-19,1711
Eli Crane,2024-02-26,1611
Eli Crane,2024-03-04,1420
Eli Crane,2024-03-11,1298
Eli Crane,2024-03-18,1820
Eli Crane,2024-03-25,1073
Eli Crane,2024-04-01,1658
Eli Crane,2024-04-08,1907
Eli Crane,2024-04-15,2229
Eli Crane,2024-04-22,2329
Eli Crane,2024-04-29,2145
Eli Crane,2024-05-06,2331
Eli Crane,2024-05-13,2377
Eli Crane,2024-05-20,2088
Eli Crane,2024-05-27,2123
Eli Crane,2024-06-03,2245
Eli Crane,2024-06-10,2089
Eli Crane,2024-06-17,2323
Eli Crane,2024-06-24,2434
Eli Crane,2024-07-01,2133
Eli Crane,2024-07-08,2297
Eli Crane,2024-07-15,1955
Eli Crane,2024-07-22,3284
Eli Crane,2024-07-29,3345
Eli Crane,2024-08-05,3420
Eli Crane,2024-08-12,3154
Eli Crane,2024-08-19,2938
Eli Crane,2024-08-26,3355
Eli Crane,2024-09-02,2850
Eli Crane,2024-09-09,2287
Eli Crane,2024-09-16,3235
Eli Crane,2024-09-23,3716
Eli Crane,2024-09-30,3072
Eli Crane,2024-10-07,2403
Eli Crane,2024-10-14,3071
Eli Crane,2024-10-21,3873
Eli Crane,2024-10-28,3937
Eli Crane,2024-11-04,1444
Eli Crane,2024-11-11,198
Eli Crane,2024-11-18,412
Eli Crane,2024-11-25,516
Eli Crane,2024-12-02,617
Eli Crane,2024-12-09,583
Eli Crane,2024-12-16,643
Eli Crane,2024-12-23,502
Eli Crane,2024-12-30,962
Eli Crane,2025-01-06,2238
Eli Crane,2025-01-13,1937
Eli Crane,2025-01-20,1661
Eli Crane,2025-01-27,1451
Eli Crane,2025-02-03,1322
Eli Crane,2025-02-10,1113
Eli Crane,2025-02-17,1494
Eli Crane,2025-02-24,1715
Eli Crane,2025-03-03,1270
Eli Crane,2025-03-10,1308
Eli Crane,2025-03-17,1182
Eli Crane,2025-03-24,1466
Eli Crane,2025-03-31,789
Eli Crane,2025-04-07,2231
Eli Crane,2025-04-14,1519
Eli Crane,2025-04-21,1724
Eli Crane,2025-04-28,1973
Eli Crane,2025-05-05,1437
Eli Crane,2025-05-12,1590
Eli Crane,2025-05-19,1560
Eli Crane,2025-05-26,1587
Eli Crane,2025-06-02,1545
Eli Crane,2025-06-09,1202
Eli Crane,2025-06-16,1415
Eli Crane,2025-06-23,1479
Eli Crane,2025-06-30,1648
Eli Crane,2025-07-07,1453
Eli Crane,2025-07-14,2246
Eli Crane,2025-07-21,2955
Eli Crane,2025-07-28,3369
Eli Crane,2025-08-04,1912
Eli Crane,2025-08-11,2796
Eli Crane,2025-08-18,2683
Eli Crane,2025-08-25,2516
Eli Crane,2025-09-01,1982
Eli Crane,2025-09-08,2139
Eli Crane,2025-09-15,2746
Eli Crane,2025-09-22,2489
Eli Crane,2025-09-29,1099
Elizabeth Warren,2016-07-04,1
Elizabeth Warren,2016-08-08,1
Elizabeth Warren,2016-12-26,72
Elizabeth Warren,2017-01-02,1958
Elizabeth Warren,2017-01-09,372
Elizabeth Warren,2017-01-16,434
Elizabeth Warren,2017-01-23,425
Elizabeth Warren,2017-01-30,2928
Elizabeth Warren,2017-02-06,4135
Elizabeth Warren,2017-02-13,1434
Elizabeth Warren,2017-02-20,1582
Elizabeth Warren,2017-02-27,1092
Elizabeth Warren,2017-03-06,1082
Elizabeth Warren,2017-03-13,407
Elizabeth Warren,2017-03-20,575
Elizabeth Warren,2017-03-27,2971
Elizabeth Warren,2017-04-03,1314
Elizabeth Warren,2017-04-10,851
Elizabeth Warren,2017-04-17,741
Elizabeth Warren,2017-04-24,1727
Elizabeth Warren,2017-05-01,1594
Elizabeth Warren,2017-05-08,632
Elizabeth Warren,2017-05-15,1027
Elizabeth Warren,2017-05-22,1250
Elizabeth Warren,2017-05-29,1616
Elizabeth Warren,2017-06-05,2116
Elizabeth Warren,2017-06-12,2508
Elizabeth Warren,2017-06-19,2139
Elizabeth Warren,2017-06-26,2875
Elizabeth Warren,2017-07-03,1134
Elizabeth Warren,2017-07-10,1166
Elizabeth Warren,2017-07-17,962
Elizabeth Warren,2017-07-24,2558
Elizabeth Warren,2017-07-31,1772
Elizabeth Warren,2017-08-07,1165
Elizabeth Warren,2017-08-14,854
Elizabeth Warren,2017-08-21,1075
Elizabeth Warren,2017-08-28,1437
Elizabeth Warren,2017-09-04,1290
Elizabeth Warren,2017-09-11,1511
Elizabeth Warren,2017-09-18,2342
Elizabeth Warren,2017-09-25,4393
Elizabeth Warren,2017-10-02,1961
Elizabeth Warren,2017-10-09,1032
Elizabeth Warren,2017-10-16,1290
Elizabeth Warren,2017-10-23,2274
Elizabeth Warren,2017-10-30,2655
Elizabeth Warren,2017-11-06,3608
Elizabeth Warren,2017-11-13,1540
Elizabeth Warren,2017-11-20,1475
Elizabeth Warren,2017-11-27,4019
Elizabeth Warren,2017-12-04,2139
Elizabeth Warren,2017-12-11,1737
Elizabeth Warren,2017-12-18,1790
Elizabeth Warren,2017-12-25,4160
Elizabeth Warren,2018-01-01,1492
Elizabeth Warren,2018-01-08,2170
Elizabeth Warren,2018-01-15,1900
Elizabeth Warren,2018-01-22,2899
Elizabeth Warren,2018-01-29,3592
Elizabeth Warren,2018-02-05,2259
Elizabeth Warren,2018-02-12,1857
Elizabeth Warren,2018-02-19,3410
Elizabeth Warren,2018-02-26,3401
Elizabeth Warren,2018-03-05,2582
Elizabeth Warren,2018-03-12,2623
Elizabeth Warren,2018-03-19,1486
Elizabeth Warren,2018-03-26,4444
Elizabeth Warren,2018-04-02,1467
Elizabeth Warren,2018-04-09,2070
Elizabeth Warren,2018-04-16,2585
Elizabeth Warren,2018-04-23,3504
Elizabeth Warren,2018-04-30,3062
Elizabeth Warren,2018-05-07,2128
Elizabeth Warren,2018-05-14,2277
Elizabeth Warren,2018-05-21,1607
Elizabeth Warren,2018-05-28,3928
Elizabeth Warren,2018-06-04,1841
Elizabeth Warren,2018-06-11,2156
Elizabeth Warren,2018-06-18,2108
Elizabeth Warren,2018-06-25,6054
Elizabeth Warren,2018-07-02,3100
Elizabeth Warren,2018-07-09,3144
Elizabeth Warren,2018-07-16,2946
Elizabeth Warren,2018-07-23,3420
Elizabeth Warren,2018-07-30,3637
Elizabeth Warren,2018-08-06,3869
Elizabeth Warren,2018-08-13,3113
Elizabeth Warren,2018-08-20,3315
Elizabeth Warren,2018-08-27,2757
Elizabeth Warren,2018-09-03,4829
Elizabeth Warren,2018-09-10,2107
Elizabeth Warren,2018-09-17,3462
Elizabeth Warren,2018-09-24,6087
Elizabeth Warren,2018-10-01,3927
Elizabeth Warren,2018-10-08,3805
Elizabeth Warren,2018-10-15,3237
Elizabeth Warren,2018-10-22,2427
Elizabeth Warren,2018-10-29,2079
Elizabeth Warren,2018-11-05,611
Elizabeth Warren,2018-11-12,13
Elizabeth Warren,2018-11-19,2
Elizabeth Warren,2018-11-26,24
Elizabeth Warren,2018-12-03,17
Elizabeth Warren,2018-12-10,10
Elizabeth Warren,2018-12-17,20
Elizabeth Warren,2018-12-24,17
Elizabeth Warren,2018-12-31,4
Elizabeth Warren,2019-01-14,1
Elizabeth Warren,2019-01-28,6
Elizabeth Warren,2019-02-04,4
Elizabeth Warren,2019-02-11,1
Elizabeth Warren,2019-02-18,1
Elizabeth Warren,2019-02-25,6
Elizabeth Warren,2019-03-18,7
Elizabeth Warren,2019-03-25,7
Elizabeth Warren,2019-04-01,2
Elizabeth Warren,2019-04-08,4
Elizabeth Warren,2019-04-15,1
Elizabeth Warren,2019-04-22,11
Elizabeth Warren,2019-04-29,10
Elizabeth Warren,2019-05-06,7
Elizabeth Warren,2019-05-13,5
Elizabeth Warren,2019-05-20,3
Elizabeth Warren,2019-05-27,7
Elizabeth Warren,2019-06-03,4
Elizabeth Warren,2019-06-10,10
Elizabeth Warren,2019-06-17,6
Elizabeth Warren,2019-06-24,25
Elizabeth Warren,2019-07-01,9
Elizabeth Warren,2019-07-08,13
Elizabeth Warren,2019-07-15,9
Elizabeth Warren,2019-07-22,6
Elizabeth Warren,2019-07-29,10
Elizabeth Warren,2019-08-05,17
Elizabeth Warren,2019-08-12,8
Elizabeth Warren,2019-08-19,8
Elizabeth Warren,2019-08-26,16
Elizabeth Warren,2019-09-02,12
Elizabeth Warren,2019-09-09,22
Elizabeth Warren,2019-09-16,25
Elizabeth Warren,2019-09-23,33
Elizabeth Warren,2019-09-30,22
Elizabeth Warren,2019-10-07,25
Elizabeth Warren,2019-10-14,21
Elizabeth Warren,2019-10-21,29
Elizabeth Warren,2019-10-28,36
Elizabeth Warren,2019-11-04,21
Elizabeth Warren,2019-11-11,31
Elizabeth Warren,2019-11-18,29
Elizabeth Warren,2019-11-25,38
Elizabeth Warren,2019-12-02,31
Elizabeth Warren,2019-12-09,66
Elizabeth Warren,2019-12-16,66
Elizabeth Warren,2019-12-23,71
Elizabeth Warren,2019-12-30,117
Elizabeth Warren,2020-01-06,88
Elizabeth Warren,2020-01-13,113
Elizabeth Warren,2020-01-20,87
Elizabeth Warren,2020-01-27,141
Elizabeth Warren,2020-02-03,152
Elizabeth Warren,2020-02-10,231
Elizabeth Warren,2020-02-17,297
Elizabeth Warren,2020-02-24,310
Elizabeth Warren,2020-03-02,129
Elizabeth Warren,2020-03-23,124
Elizabeth Warren,2020-03-30,286
Elizabeth Warren,2020-04-06,460
Elizabeth Warren,2020-04-13,628
Elizabeth Warren,2020-04-20,597
Elizabeth Warren,2020-04-27,1660
Elizabeth Warren,2020-05-04,437
Elizabeth Warren,2020-05-11,368
Elizabeth Warren,2020-05-18,674
Elizabeth Warren,2020-05-25,1289
Elizabeth Warren,2020-06-01,205
Elizabeth Warren,2020-06-08,668
Elizabeth Warren,2020-06-15,989
Elizabeth Warren,2020-06-22,1048
Elizabeth Warren,2020-06-29,1346
Elizabeth Warren,2020-07-06,1135
Elizabeth Warren,2020-07-13,1265
Elizabeth Warren,2020-07-20,1273
Elizabeth Warren,2020-07-27,2426
Elizabeth Warren,2020-08-03,593
Elizabeth Warren,2020-08-10,849
Elizabeth Warren,2020-08-17,1373
Elizabeth Warren,2020-08-24,2325
Elizabeth Warren,2020-08-31,1290
Elizabeth Warren,2020-09-07,1157
Elizabeth Warren,2020-09-14,1448
Elizabeth Warren,2020-09-21,1768
Elizabeth Warren,2020-09-28,2372
Elizabeth Warren,2020-10-05,1925
Elizabeth Warren,2020-10-12,1752
Elizabeth Warren,2020-10-19,2361
Elizabeth Warren,2020-10-26,4186
Elizabeth Warren,2020-11-02,461
Elizabeth Warren,2020-11-09,417
Elizabeth Warren,2020-11-16,1551
Elizabeth Warren,2020-11-23,1165
Elizabeth Warren,2020-11-30,611
Elizabeth Warren,2020-12-07,743
Elizabeth Warren,2020-12-14,1183
Elizabeth Warren,2020-12-21,910
Elizabeth Warren,2020-12-28,1573
Elizabeth Warren,2021-01-04,312
Elizabeth Warren,2021-01-11,602
Elizabeth Warren,2021-01-18,921
Elizabeth Warren,2021-01-25,2142
Elizabeth Warren,2021-02-01,900
Elizabeth Warren,2021-02-08,484
Elizabeth Warren,2021-02-15,801
Elizabeth Warren,2021-02-22,1905
Elizabeth Warren,2021-03-01,642
Elizabeth Warren,2021-03-08,641
Elizabeth Warren,2021-03-15,1286
Elizabeth Warren,2021-03-22,1095
Elizabeth Warren,2021-03-29,1068
Elizabeth Warren,2021-04-05,360
Elizabeth Warren,2021-04-12,544
Elizabeth Warren,2021-04-19,1399
Elizabeth Warren,2021-04-26,2195
Elizabeth Warren,2021-05-03,665
Elizabeth Warren,2021-05-10,629
Elizabeth Warren,2021-05-17,1145
Elizabeth Warren,2021-05-24,2158
Elizabeth Warren,2021-05-31,942
Elizabeth Warren,2021-06-07,671
Elizabeth Warren,2021-06-14,1131
Elizabeth Warren,2021-06-21,1611
Elizabeth Warren,2021-06-28,1807
Elizabeth Warren,2021-07-05,737
Elizabeth Warren,2021-07-12,1330
Elizabeth Warren,2021-07-19,2057
Elizabeth Warren,2021-07-26,2717
Elizabeth Warren,2021-08-02,576
Elizabeth Warren,2021-08-09,981
Elizabeth Warren,2021-08-16,1113
Elizabeth Warren,2021-08-23,2393
Elizabeth Warren,2021-08-30,1671
Elizabeth Warren,2021-09-06,522
Elizabeth Warren,2021-09-13,888
Elizabeth Warren,2021-09-20,1521
Elizabeth Warren,2021-09-27,2911
Elizabeth Warren,2021-10-04,548
Elizabeth Warren,2021-10-11,985
Elizabeth Warren,2021-10-18,1408
Elizabeth Warren,2021-10-25,3026
Elizabeth Warren,2021-11-01,472
Elizabeth Warren,2021-11-08,863
Elizabeth Warren,2021-11-15,1916
Elizabeth Warren,2021-11-22,1632
Elizabeth Warren,2021-11-29,2130
Elizabeth Warren,2021-12-06,600
Elizabeth Warren,2021-12-13,1636
Elizabeth Warren,2021-12-20,1136
Elizabeth Warren,2021-12-27,3353
Elizabeth Warren,2022-01-03,640
Elizabeth Warren,2022-01-10,921
Elizabeth Warren,2022-01-17,2215
Elizabeth Warren,2022-01-24,2871
Elizabeth Warren,2022-01-31,1518
Elizabeth Warren,2022-02-07,958
Elizabeth Warren,2022-02-14,1349
Elizabeth Warren,2022-02-21,1811
Elizabeth Warren,2022-02-28,2242
Elizabeth Warren,2022-03-07,719
Elizabeth Warren,2022-03-14,1447
Elizabeth Warren,2022-03-21,1822
Elizabeth Warren,2022-03-28,2766
Elizabeth Warren,2022-04-04,1055
Elizabeth Warren,2022-04-11,961
Elizabeth Warren,2022-04-18,1971
Elizabeth Warren,2022-04-25,3316
Elizabeth Warren,2022-05-02,1423
Elizabeth Warren,2022-05-09,1126
Elizabeth Warren,2022-05-16,1792
Elizabeth Warren,2022-05-23,1881
Elizabeth Warren,2022-05-30,1502
Elizabeth Warren,2022-06-06,1099
Elizabeth Warren,2022-06-13,1532
Elizabeth Warren,2022-06-20,1759
Elizabeth Warren,2022-06-27,3070
Elizabeth Warren,2022-07-04,1302
Elizabeth Warren,2022-07-11,1166
Elizabeth Warren,2022-07-18,1756
Elizabeth Warren,2022-07-25,3617
Elizabeth Warren,2022-08-01,1022
Elizabeth Warren,2022-08-08,1134
Elizabeth Warren,2022-08-15,2178
Elizabeth Warren,2022-08-22,1891
Elizabeth Warren,2022-08-29,3127
Elizabeth Warren,2022-09-05,1089
Elizabeth Warren,2022-09-12,1460
Elizabeth Warren,2022-09-19,2158
Elizabeth Warren,2022-09-26,3884
Elizabeth Warren,2022-10-03,1151
Elizabeth Warren,2022-10-10,1412
Elizabeth Warren,2022-10-17,2237
Elizabeth Warren,2022-10-24,3019
Elizabeth Warren,2022-10-31,2366
Elizabeth Warren,2022-11-07,1149
Elizabeth Warren,2022-11-14,1609
Elizabeth Warren,2022-11-21,1515
Elizabeth Warren,2022-11-28,2374
Elizabeth Warren,2022-12-05,576
Elizabeth Warren,2022-12-12,1009
Elizabeth Warren,2022-12-19,1508
Elizabeth Warren,2022-12-26,3065
Elizabeth Warren,2023-01-02,1035
Elizabeth Warren,2023-01-09,1308
Elizabeth Warren,2023-01-16,1691
Elizabeth Warren,2023-01-23,2083
Elizabeth Warren,2023-01-30,1558
Elizabeth Warren,2023-02-06,811
Elizabeth Warren,2023-02-13,1730
Elizabeth Warren,2023-02-20,1348
Elizabeth Warren,2023-02-27,2710
Elizabeth Warren,2023-03-06,1293
Elizabeth Warren,2023-03-13,1855
Elizabeth Warren,2023-03-20,1426
Elizabeth Warren,2023-03-27,6268
Elizabeth Warren,2023-04-03,1170
Elizabeth Warren,2023-04-10,1647
Elizabeth Warren,2023-04-17,1721
Elizabeth Warren,2023-04-24,3816
Elizabeth Warren,2023-05-01,1090
Elizabeth Warren,2023-05-08,1600
Elizabeth Warren,2023-05-15,1978
Elizabeth Warren,2023-05-22,2513
Elizabeth Warren,2023-05-29,2680
Elizabeth Warren,2023-06-05,1420
Elizabeth Warren,2023-06-12,1875
Elizabeth Warren,2023-06-19,2160
Elizabeth Warren,2023-06-26,4423
Elizabeth Warren,2023-07-03,1216
Elizabeth Warren,2023-07-10,1700
Elizabeth Warren,2023-07-17,2235
Elizabeth Warren,2023-07-24,3112
Elizabeth Warren,2023-07-31,1873
Elizabeth Warren,2023-08-07,1542
Elizabeth Warren,2023-08-14,2195
Elizabeth Warren,2023-08-21,2295
Elizabeth Warren,2023-08-28,3197
Elizabeth Warren,2023-09-04,1477
Elizabeth Warren,2023-09-11,1633
Elizabeth Warren,2023-09-18,1966
Elizabeth Warren,2023-09-25,4281
Elizabeth Warren,2023-10-02,1032
Elizabeth Warren,2023-10-09,1362
Elizabeth Warren,2023-10-16,2134
Elizabeth Warren,2023-10-23,3230
Elizabeth Warren,2023-10-30,2538
Elizabeth Warren,2023-11-06,1288
Elizabeth Warren,2023-11-13,1993
Elizabeth Warren,2023-11-20,1883
Elizabeth Warren,2023-11-27,3890
Elizabeth Warren,2023-12-04,1327
Elizabeth Warren,2023-12-11,1802
Elizabeth Warren,2023-12-18,2108
Elizabeth Warren,2023-12-25,4236
Elizabeth Warren,2024-01-01,1268
Elizabeth Warren,2024-01-08,1713
Elizabeth Warren,2024-01-15,2491
Elizabeth Warren,2024-01-22,2220
Elizabeth Warren,2024-01-29,2609
Elizabeth Warren,2024-02-05,1640
Elizabeth Warren,2024-02-12,2609
Elizabeth Warren,2024-02-19,3184
Elizabeth Warren,2024-02-26,4293
Elizabeth Warren,2024-03-04,2064
Elizabeth Warren,2024-03-11,1896
Elizabeth Warren,2024-03-18,2668
Elizabeth Warren,2024-03-25,4718
Elizabeth Warren,2024-04-01,1856
Elizabeth Warren,2024-04-08,1582
Elizabeth Warren,2024-04-15,2474
Elizabeth Warren,2024-04-22,2893
Elizabeth Warren,2024-04-29,3191
Elizabeth Warren,2024-05-06,1761
Elizabeth Warren,2024-05-13,2465
Elizabeth Warren,2024-05-20,2121
Elizabeth Warren,2024-05-27,3660
Elizabeth Warren,2024-06-03,2289
Elizabeth Warren,2024-06-10,2630
Elizabeth Warren,2024-06-17,3269
Elizabeth Warren,2024-06-24,6082
Elizabeth Warren,2024-07-01,1807
Elizabeth Warren,2024-07-08,2022
Elizabeth Warren,2024-07-15,3566
Elizabeth Warren,2024-07-22,4063
Elizabeth Warren,2024-07-29,3406
Elizabeth Warren,2024-08-05,2223
Elizabeth Warren,2024-08-12,3369
Elizabeth Warren,2024-08-19,3466
Elizabeth Warren,2024-08-26,4169
Elizabeth Warren,2024-09-02,2336
Elizabeth Warren,2024-09-09,2644
Elizabeth Warren,2024-09-16,3708
Elizabeth Warren,2024-09-23,4161
Elizabeth Warren,2024-09-30,3251
Elizabeth Warren,2024-10-07,2584
Elizabeth Warren,2024-10-14,2871
Elizabeth Warren,2024-10-21,3319
Elizabeth Warren,2024-10-28,4588
Elizabeth Warren,2024-11-04,703
Elizabeth Warren,2024-11-11,21
Elizabeth Warren,2024-11-18,25
Elizabeth Warren,2024-11-25,57
Elizabeth Warren,2024-12-02,28
Elizabeth Warren,2024-12-09,93
Elizabeth Warren,2024-12-16,46
Elizabeth Warren,2024-12-23,36
Elizabeth Warren,2024-12-30,147
Elizabeth Warren,2025-01-06,269
Elizabeth Warren,2025-01-13,270
Elizabeth Warren,2025-01-20,382
Elizabeth Warren,2025-01-27,394
Elizabeth Warren,2025-02-03,621
Elizabeth Warren,2025-02-10,383
Elizabeth Warren,2025-02-17,280
Elizabeth Warren,2025-02-24,579
Elizabeth Warren,2025-03-03,306
Elizabeth Warren,2025-03-10,293
Elizabeth Warren,2025-03-17,355
Elizabeth Warren,2025-03-24,403
Elizabeth Warren,2025-03-31,679
Elizabeth Warren,2025-04-07,585
Elizabeth Warren,2025-04-14,606
Elizabeth Warren,2025-04-21,764
Elizabeth Warren,2025-04-28,799
Elizabeth Warren,2025-05-05,589
Elizabeth Warren,2025-05-12,528
Elizabeth Warren,2025-05-19,835
Elizabeth Warren,2025-05-26,787
Elizabeth Warren,2025-06-02,570
Elizabeth Warren,2025-06-09,717
Elizabeth Warren,2025-06-16,514
Elizabeth Warren,2025-06-23,817
Elizabeth Warren,2025-06-30,903
Elizabeth Warren,2025-07-07,802
Elizabeth Warren,2025-07-14,1088
Elizabeth Warren,2025-07-21,1028
Elizabeth Warren,2025-07-28,1124
Elizabeth Warren,2025-08-04,849
Elizabeth Warren,2025-08-11,772
Elizabeth Warren,2025-08-18,1052
Elizabeth Warren,2025-08-25,1209
Elizabeth Warren,2025-09-01,881
Elizabeth Warren,2025-09-08,858
Elizabeth Warren,2025-09-15,1026
Elizabeth Warren,2025-09-22,1216
Elizabeth Warren,2025-09-29,538
Marjorie Taylor Greene,2019-05-06,1
Marjorie Taylor Greene,2019-05-27,1
Marjorie Taylor Greene,2019-06-03,1
Marjorie Taylor Greene,2019-06-10,1
Marjorie Taylor Greene,2019-06-17,2
Marjorie Taylor Greene,2019-06-24,14
Marjorie Taylor Greene,2019-07-01,7
Marjorie Taylor Greene,2019-07-15,2
Marjorie Taylor Greene,2019-07-22,14
Marjorie Taylor Greene,2019-08-05,1
Marjorie Taylor Greene,2019-08-12,5
Marjorie Taylor Greene,2019-08-26,4
Marjorie Taylor Greene,2019-09-02,4
Marjorie Taylor Greene,2019-09-09,12
Marjorie Taylor Greene,2019-09-16,25
Marjorie Taylor Greene,2019-09-23,7
Marjorie Taylor Greene,2019-09-30,24
Marjorie Taylor Greene,2019-10-07,5
Marjorie Taylor Greene,2019-10-14,4
Marjorie Taylor Greene,2019-10-21,3
Marjorie Taylor Greene,2019-10-28,4
Marjorie Taylor Greene,2019-11-04,4
Marjorie Taylor Greene,2019-11-11,6
Marjorie Taylor Greene,2019-11-18,9
Marjorie Taylor Greene,2019-11-25,4
Marjorie Taylor Greene,2019-12-02,9
Marjorie Taylor Greene,2019-12-09,4
Marjorie Taylor Greene,2019-12-16,12
Marjorie Taylor Greene,2019-12-23,7
Marjorie Taylor Greene,2019-12-30,13
Marjorie Taylor Greene,2020-01-06,4
Marjorie Taylor Greene,2020-01-13,10
Marjorie Taylor Greene,2020-01-20,4
Marjorie Taylor Greene,2020-01-27,26
Marjorie Taylor Greene,2020-02-03,12
Marjorie Taylor Greene,2020-02-10,9
Marjorie Taylor Greene,2020-02-17,21
Marjorie Taylor Greene,2020-02-24,9
Marjorie Taylor Greene,2020-03-02,8
Marjorie Taylor Greene,2020-03-09,6
Marjorie Taylor Greene,2020-03-16,2
Marjorie Taylor Greene,2020-03-23,9
Marjorie Taylor Greene,2020-03-30,16
Marjorie Taylor Greene,2020-04-06,13
Marjorie Taylor Greene,2020-04-13,19
Marjorie Taylor Greene,2020-04-20,20
Marjorie Taylor Greene,2020-04-27,33
Marjorie Taylor Greene,2020-05-04,41
Marjorie Taylor Greene,2020-05-11,28
Marjorie Taylor Greene,2020-05-18,17
Marjorie Taylor Greene,2020-05-25,35
Marjorie Taylor Greene,2020-06-01,79
Marjorie Taylor Greene,2020-06-08,71
Marjorie Taylor Greene,2020-06-15,27
Marjorie Taylor Greene,2020-06-22,49
Marjorie Taylor Greene,2020-06-29,38
Marjorie Taylor Greene,2020-07-06,21
Marjorie Taylor Greene,2020-07-13,32
Marjorie Taylor Greene,2020-07-20,61
Marjorie Taylor Greene,2020-07-27,45
Marjorie Taylor Greene,2020-08-03,68
Marjorie Taylor Greene,2020-08-10,97
Marjorie Taylor Greene,2020-08-17,37
Marjorie Taylor Greene,2020-08-24,24
Marjorie Taylor Greene,2020-08-31,69
Marjorie Taylor Greene,2020-09-07,19
Marjorie Taylor Greene,2020-09-14,31
Marjorie Taylor Greene,2020-09-21,25
Marjorie Taylor Greene,2020-09-28,47
Marjorie Taylor Greene,2020-10-05,15
Marjorie Taylor Greene,2020-10-12,26
Marjorie Taylor Greene,2020-10-19,9
Marjorie Taylor Greene,2020-10-26,26
Marjorie Taylor Greene,2020-11-02,88
Marjorie Taylor Greene,2020-11-09,56
Marjorie Taylor Greene,2020-11-16,6
Marjorie Taylor Greene,2020-11-23,17
Marjorie Taylor Greene,2020-11-30,2
Marjorie Taylor Greene,2020-12-07,1
Marjorie Taylor Greene,2020-12-14,9
Marjorie Taylor Greene,2020-12-21,47
Marjorie Taylor Greene,2020-12-28,36
Marjorie Taylor Greene,2021-01-04,105
Marjorie Taylor Greene,2021-01-11,374
Marjorie Taylor Greene,2021-01-18,542
Marjorie Taylor Greene,2021-01-25,446
Marjorie Taylor Greene,2021-02-01,1029
Marjorie Taylor Greene,2021-02-08,315
Marjorie Taylor Greene,2021-02-15,137
Marjorie Taylor Greene,2021-02-22,279
Marjorie Taylor Greene,2021-03-01,446
Marjorie Taylor Greene,2021-03-08,246
Marjorie Taylor Greene,2021-03-15,560
Marjorie Taylor Greene,2021-03-22,219
Marjorie Taylor Greene,2021-03-29,239
Marjorie Taylor Greene,2021-04-05,380
Marjorie Taylor Greene,2021-04-12,284
Marjorie Taylor Greene,2021-04-19,1031
Marjorie Taylor Greene,2021-04-26,482
Marjorie Taylor Greene,2021-05-03,171
Marjorie Taylor Greene,2021-05-10,2229
Marjorie Taylor Greene,2021-05-17,2089
Marjorie Taylor Greene,2021-05-24,8008
Marjorie Taylor Greene,2021-05-31,929
Marjorie Taylor Greene,2021-06-07,1367
Marjorie Taylor Greene,2021-06-14,1042
Marjorie Taylor Greene,2021-06-21,891
Marjorie Taylor Greene,2021-06-28,590
Marjorie Taylor Greene,2021-07-05,945
Marjorie Taylor Greene,2021-07-12,890
Marjorie Taylor Greene,2021-07-19,547
Marjorie Taylor Greene,2021-07-26,2522
Marjorie Taylor Greene,2021-08-02,1034
Marjorie Taylor Greene,2021-08-09,301
Marjorie Taylor Greene,2021-08-16,376
Marjorie Taylor Greene,2021-08-23,421
Marjorie Taylor Greene,2021-08-30,251
Marjorie Taylor Greene,2021-09-06,268
Marjorie Taylor Greene,2021-09-13,434
Marjorie Taylor Greene,2021-09-20,291
Marjorie Taylor Greene,2021-09-27,542
Marjorie Taylor Greene,2021-10-04,211
Marjorie Taylor Greene,2021-10-11,275
Marjorie Taylor Greene,2021-10-18,285
Marjorie Taylor Greene,2021-10-25,271
Marjorie Taylor Greene,2021-11-01,392
Marjorie Taylor Greene,2021-11-08,474
Marjorie Taylor Greene,2021-11-15,330
Marjorie Taylor Greene,2021-11-22,428
Marjorie Taylor Greene,2021-11-29,652
Marjorie Taylor Greene,2021-12-06,309
Marjorie Taylor Greene,2021-12-13,229
Marjorie Taylor Greene,2021-12-20,295
Marjorie Taylor Greene,2021-12-27,662
Marjorie Taylor Greene,2022-01-03,427
Marjorie Taylor Greene,2022-01-10,323
Marjorie Taylor Greene,2022-01-17,330
Marjorie Taylor Greene,2022-01-24,636
Marjorie Taylor Greene,2022-01-31,466
Marjorie Taylor Greene,2022-02-07,375
Marjorie Taylor Greene,2022-02-14,400
Marjorie Taylor Greene,2022-02-21,436
Marjorie Taylor Greene,2022-02-28,509
Marjorie Taylor Greene,2022-03-07,288
Marjorie Taylor Greene,2022-03-14,451
Marjorie Taylor Greene,2022-03-21,315
Marjorie Taylor Greene,2022-03-28,415
Marjorie Taylor Greene,2022-04-04,297
Marjorie Taylor Greene,2022-04-11,536
Marjorie Taylor Greene,2022-04-18,994
Marjorie Taylor Greene,2022-04-25,958
Marjorie Taylor Greene,2022-05-02,579
Marjorie Taylor Greene,2022-05-09,874
Marjorie Taylor Greene,2022-05-16,573
Marjorie Taylor Greene,2022-05-23,434
Marjorie Taylor Greene,2022-05-30,369
Marjorie Taylor Greene,2022-06-06,376
Marjorie Taylor Greene,2022-06-13,472
Marjorie Taylor Greene,2022-06-20,514
Marjorie Taylor Greene,2022-06-27,688
Marjorie Taylor Greene,2022-07-04,343
Marjorie Taylor Greene,2022-07-11,372
Marjorie Taylor Greene,2022-07-18,505
Marjorie Taylor Greene,2022-07-25,488
Marjorie Taylor Greene,2022-08-01,629
Marjorie Taylor Greene,2022-08-08,1011
Marjorie Taylor Greene,2022-08-15,381
Marjorie Taylor Greene,2022-08-22,480
Marjorie Taylor Greene,2022-08-29,489
Marjorie Taylor Greene,2022-09-05,648
Marjorie Taylor Greene,2022-09-12,711
Marjorie Taylor Greene,2022-09-19,984
Marjorie Taylor Greene,2022-09-26,1002
Marjorie Taylor Greene,2022-10-03,1385
Marjorie Taylor Greene,2022-10-10,713
Marjorie Taylor Greene,2022-10-17,901
Marjorie Taylor Greene,2022-10-24,1006
Marjorie Taylor Greene,2022-10-31,1118
Marjorie Taylor Greene,2022-11-07,568
Marjorie Taylor Greene,2022-11-14,45
Marjorie Taylor Greene,2022-11-21,129
Marjorie Taylor Greene,2022-11-28,86
Marjorie Taylor Greene,2022-12-05,15
Marjorie Taylor Greene,2022-12-12,14
Marjorie Taylor Greene,2022-12-19,18
Marjorie Taylor Greene,2022-12-26,14
Marjorie Taylor Greene,2023-01-02,43
Marjorie Taylor Greene,2023-01-09,28
Marjorie Taylor Greene,2023-01-16,41
Marjorie Taylor Greene,2023-01-23,50
Marjorie Taylor Greene,2023-01-30,42
Marjorie Taylor Greene,2023-02-06,71
Marjorie Taylor Greene,2023-02-13,36
Marjorie Taylor Greene,2023-02-20,48
Marjorie Taylor Greene,2023-02-27,32
Marjorie Taylor Greene,2023-03-06,74
Marjorie Taylor Greene,2023-03-13,77
Marjorie Taylor Greene,2023-03-20,78
Marjorie Taylor Greene,2023-03-27,68
Marjorie Taylor Greene,2023-04-03,109
Marjorie Taylor Greene,2023-04-10,117
Marjorie Taylor Greene,2023-04-17,86
Marjorie Taylor Greene,2023-04-24,113
Marjorie Taylor Greene,2023-05-01,233
Marjorie Taylor Greene,2023-05-08,174
Marjorie Taylor Greene,2023-05-15,241
Marjorie Taylor Greene,2023-05-22,167
Marjorie Taylor Greene,2023-05-29,133
Marjorie Taylor Greene,2023-06-05,233
Marjorie Taylor Greene,2023-06-12,99
Marjorie Taylor Greene,2023-06-19,143
Marjorie Taylor Greene,2023-06-26,143
Marjorie Taylor Greene,2023-07-03,330
Marjorie Taylor Greene,2023-07-10,526
Marjorie Taylor Greene,2023-07-17,615
Marjorie Taylor Greene,2023-07-24,445
Marjorie Taylor Greene,2023-07-31,437
Marjorie Taylor Greene,2023-08-07,385
Marjorie Taylor Greene,2023-08-14,555
Marjorie Taylor Greene,2023-08-21,422
Marjorie Taylor Greene,2023-08-28,524
Marjorie Taylor Greene,2023-09-04,331
Marjorie Taylor Greene,2023-09-11,486
Marjorie Taylor Greene,2023-09-18,531
Marjorie Taylor Greene,2023-09-25,571
Marjorie Taylor Greene,2023-10-02,627
Marjorie Taylor Greene,2023-10-09,655
Marjorie Taylor Greene,2023-10-16,899
Marjorie Taylor Greene,2023-10-23,615
Marjorie Taylor Greene,2023-10-30,521
Marjorie Taylor Greene,2023-11-06,613
Marjorie Taylor Greene,2023-11-13,588
Marjorie Taylor Greene,2023-11-20,668
Marjorie Taylor Greene,2023-11-27,753
Marjorie Taylor Greene,2023-12-04,488
Marjorie Taylor Greene,2023-12-11,660
Marjorie Taylor Greene,2023-12-18,755
Marjorie Taylor Greene,2023-12-25,498
Marjorie Taylor Greene,2024-01-01,752
Marjorie Taylor Greene,2024-01-08,1292
Marjorie Taylor Greene,2024-01-15,1118
Marjorie Taylor Greene,2024-01-22,830
Marjorie Taylor Greene,2024-01-29,890
Marjorie Taylor Greene,2024-02-05,1267
Marjorie Taylor Greene,2024-02-12,1148
Marjorie Taylor Greene,2024-02-19,862
Marjorie Taylor Greene,2024-02-26,780
Marjorie Taylor Greene,2024-03-04,1256
Marjorie Taylor Greene,2024-03-11,748
Marjorie Taylor Greene,2024-03-18,1420
Marjorie Taylor Greene,2024-03-25,1012
Marjorie Taylor Greene,2024-04-01,704
Marjorie Taylor Greene,2024-04-08,1081
Marjorie Taylor Greene,2024-04-15,1127
Marjorie Taylor Greene,2024-04-22,808
Marjorie Taylor Greene,2024-04-29,919
Marjorie Taylor Greene,2024-05-06,1781
Marjorie Taylor Greene,2024-05-13,1465
Marjorie Taylor Greene,2024-05-20,1000
Marjorie Taylor Greene,2024-05-27,1153
Marjorie Taylor Greene,2024-06-03,1158
Marjorie Taylor Greene,2024-06-10,871
Marjorie Taylor Greene,2024-06-17,982
Marjorie Taylor Greene,2024-06-24,1112
Marjorie Taylor Greene,2024-07-01,1212
Marjorie Taylor Greene,2024-07-08,1198
Marjorie Taylor Greene,2024-07-15,945
Marjorie Taylor Greene,2024-07-22,1467
Marjorie Taylor Greene,2024-07-29,1089
Marjorie Taylor Greene,2024-08-05,1127
Marjorie Taylor Greene,2024-08-12,1390
Marjorie Taylor Greene,2024-08-19,1478
Marjorie Taylor Greene,2024-08-26,1340
Marjorie Taylor Greene,2024-09-02,651
Marjorie Taylor Greene,2024-09-09,1587
Marjorie Taylor Greene,2024-09-16,2195
Marjorie Taylor Greene,2024-09-23,1807
Marjorie Taylor Greene,2024-09-30,1442
Marjorie Taylor Greene,2024-10-07,1267
Marjorie Taylor Greene,2024-10-14,1645
Marjorie Taylor Greene,2024-10-21,2880
Marjorie Taylor Greene,2024-10-28,1911
Marjorie Taylor Greene,2024-11-04,776
Marjorie Taylor Greene,2024-11-11,458
Marjorie Taylor Greene,2024-11-18,910
Marjorie Taylor Greene,2024-11-25,214
Marjorie Taylor Greene,2024-12-02,76
Marjorie Taylor Greene,2024-12-09,85
Marjorie Taylor Greene,2024-12-16,131
Marjorie Taylor Greene,2024-12-23,78
Marjorie Taylor Greene,2024-12-30,149
Marjorie Taylor Greene,2025-01-06,265
Marjorie Taylor Greene,2025-01-13,219
Marjorie Taylor Greene,2025-01-20,347
Marjorie Taylor Greene,2025-01-27,244
Marjorie Taylor Greene,2025-02-03,278
Marjorie Taylor Greene,2025-02-10,292
Marjorie Taylor Greene,2025-02-17,403
Marjorie Taylor Greene,2025-02-24,310
Marjorie Taylor Greene,2025-03-03,238
Marjorie Taylor Greene,2025-03-10,314
Marjorie Taylor Greene,2025-03-17,361
Marjorie Taylor Greene,2025-03-24,644
Marjorie Taylor Greene,2025-03-31,270
Marjorie Taylor Greene,2025-04-07,250
Marjorie Taylor Greene,2025-04-14,373
Marjorie Taylor Greene,2025-04-21,590
Marjorie Taylor Greene,2025-04-28,398
Marjorie Taylor Greene,2025-05-05,405
Marjorie Taylor Greene,2025-05-12,251
Marjorie Taylor Greene,2025-05-19,261
Marjorie Taylor Greene,2025-05-26,193
Marjorie Taylor Greene,2025-06-02,347
Marjorie Taylor Greene,2025-06-09,232
Marjorie Taylor Greene,2025-06-16,267
Marjorie Taylor Greene,2025-06-23,218
Marjorie Taylor Greene,2025-06-30,370
Marjorie Taylor Greene,2025-07-07,268
Marjorie Taylor Greene,2025-07-14,302
Marjorie Taylor Greene,2025-07-21,333
Marjorie Taylor Greene,2025-07-28,263
Marjorie Taylor Greene,2025-08-04,290
Marjorie Taylor Greene,2025-08-11,319
Marjorie Taylor Greene,2025-08-18,572
Marjorie Taylor Greene,2025-08-25,332
Marjorie Taylor Greene,2025-09-01,306
Marjorie Taylor Greene,2025-09-08,246
Marjorie Taylor Greene,2025-09-15,297
Marjorie Taylor Greene,2025-09-22,524
Marjorie Taylor Greene,2025-09-29,354
